396649948	艾塔黎亚的国家（考林—伊休里安联盟）
398578312	方鸻（角色卡），Lv3
427612826	方鸻（角色卡），Lv14
428064826	推荐下小黑的新书《天降系统妹妹》
395584445	序章 探险队里的炼金术士
395584501	第一章 少年、少女与狼的故事
395584629	第二章 佣兵格言，拿钱办事
395584702	第三章 丢人掷弹手与线列步兵
395584783	第四章 微不足道的棋子
395584820	第五章 艾塔黎亚没有绝对安全
395584900	第六章 弥漫雾气背后的不速之客
395585029	第七章 门扉，传奇的开端
395585175	第八章 无形的手
395585254	第九章 龙骑士，攻击
395585332	第十章 女人的心思你别猜
395636960	第十一章 弥雅的行踪
395713830	第十二章 王冠之下无柔情
395791663	第十三章 遗迹之下的复活点
395878091	第十四章 门扉之后，一个世界的起始点
396207726	外篇 拯救大兵艾德
396287478	序章 工匠系统的第一面
396406808	第一章 剑鸻与战斗工匠
396507816	第二章 训练生的匕首
396596508	第三章 艾缇拉与帕克
396666526	第四章 是战斗工匠，快跑！
396757077	第五章 精灵圣杯的传说
396863220	第六章 生活职业的冒险团
396946122	第七章 欢迎回到新手区
397034404	第八章 旅者之憩
397116207	第九章 更换魔导炉
397199831	第十章 银林之矛的见习战斗工匠
397290866	第十一章 主仆、黑暗巨龙与工匠挑战
397385662	第十二章 暴露了？
397471023	第十三章 我的目标是胜利
397567884	第十四章 第一个舞台，飞散的四翼
397661320	第十五章 我，方鸻，感觉良好
397755634	第十六章 帕帕拉尔人宁死不屈
397842257	第十七章 目标出现
397920250	第十八章 十二号选手作弊，我抗议！
398007150	第十九章 我永生蠕虫乐于助人
398105399	第二十章 龙之乡
398220132	第二十一章 我要继续参加比赛，裁判先生！
398312832	第二十二章 来自商盟的邀请
398404250	第二十三章 超载流
398487783	第二十四章 第一回合结束
398570215	第二十五章 第二回合，结束
398655314	第二十六章 龙歌
398734571	第二十七章 临时小队与妖精构装
398799453	第二十八章 我可以试试看
398890134	第二十九章 统御型龙魂
398948995	第三十章 妖精的完全形态
399030647	第三十一章 大逃亡
399098974	第三十二章 你们快跑，我们来断后
399152599	第三十三章 传奇斩龙之剑，嘉拉佩亚
399216467	第三十四章 篝火与古老故事的开端
399275500	第三十五章 过往之事，最后的屠龙者
399379906	第三十六章 巨兽与大猫
399487193	第三十七章 旅行途中的日常
399539114	第三十八章 蹊跷的胸针
399657212	第三十九章 共同的目的地
399766979	第四十章
399829044	第四十一章 这不____
399878559	第四十二章 女乘客
399931349	第四十三章 我知道你是谁
399981314	第四十四章 来自第二世界的培训体系？
400082886	第四十五章 月与海，少女与艾尔帕欣
400156109	第四十六章 特殊的直播任务
400168523	第四十七章 魔法商店，猫头鹰与设计图
400261260	第四十八章 重要的赛事
400321204	第四十九章 逾期未至的参赛队伍
400411023	第五十章 不是所有矮人都是忠厚的
400491201	第五十一章 老熟人
400586443	第五十二章 多重并行
400705490	第五十三章 张开的大网
400769533	第五十四章 我真是来参加工匠考核的
400849757	第五十五章 美救‘英雄’
400903140	第五十六章 艾德先生愿意和我一起吗？
401034918	第五十七章 能干的舰务官
401141079	第五十八章 行动中止与神秘的袭击
401175908	第五十九章 冒险团的雏形
401301951	第六十章 神秘的袭击与方鸻的计划
401417330	第六十一章 来自雨夜的不速之客
401517468	第六十二章 战列线
401620816	第六十三章 昔日棋局 I
401686249	第六十四章 昔日棋局 II
401814003	第六十五章 昔日棋局 III
401856201	第六十六章 昔日棋局 IV
401964534	第六十七章 昔日棋局 V
402031835	第六十八章 昔日棋局 VI
402128516	第六十九章 昔日棋局 VII
402228662	第七十章 昔日棋局 VIII
402306652	第七十一章 昔日棋局 IX
402372916	第七十二章 昔日棋局 X
402412111	第七十三章 昔日棋局 XI
402461977	第七十四章 昔日棋局 XII
402602611	第七十五章 昔日棋局 XIII
402688063	第七十六章 昔日棋局 XIV
402757999	第七十七章 昔日棋局 V
402866535	第七十八章 昔日棋局 XVI
402949678	第七十九章 昔日棋局 XVII
403027373	第八十章 昔日棋局 XVIII
403107018	第八十一章 昔日棋局 XIX
403196967	第八十二章 昔日棋局 XX
403294807	八十三章 升变，复局 I
403357619	第八十四章 升变，复局 II
403434793	第八十五章 升变，复局 III
403544853	第八十六章 升变，复局 IV
403643366	第八十七章 破局之战 I
403719440	第八十八章 破局之战 II
403840949	第八十九章 破局之战 III
403910897	第九十章 破局之战 IV
404018596	第九十一章 破局之战 V
404109854	第九十二章 破局之战 VI
404202683	第九十三章 破局之战 VII
404286156	第九十四章 破局之战 VIII
404380998	第九十五章 破局之战 IX
404470727	第九十六章 破局之战 X
404563937	第九十七章 破局之战 XI
404652883	第九十八章 破局之战 XII
404738861	第九十九章 破局之战 XIII
404871000	第一百章 破局之战 IX
404961918	第一百零一章 破局之战 X
405050209	第一百零二章 破局之战 XVI
405075696	第一百零三章 破局之战 XVII
405213421	第一百零四章 破局之战 XVIII
405306819	第一百零五章 破局之战 XIX
405402850	第一百零六章 破局之战 XX
405497807	第一百零七章 破局之战 XXI
405581761	第一百零八章 破局之战 XXII
405663841	第一百零九章 破局之战 XXIII
405757986	第一百一十章 破局之战 XXIV
405839313	第一百一十一章 将死
405932329	第一百一十二章 多里芬的意志
405953525	第一百一十三章 斩断锁链
406102159	第一百一十四章 回归原点，遗留的剑
406190142	第一百一十五张 幻境的终末
406281701	第一百一十七章 完美记录者
406381090	第一百一十七章 选择与成长
406465397	第一百一十八章 门
406491499	第一百一十九章 美丽的女士与枪
406637445	第一百二十章 监视者
406727784	第一百二十一章 傀儡还是盔甲？
406808677	第一百二十二章 离别
406914662	第一百二十三章 想要变强吗？
406983969	第一百二十四章 我举报，他开挂！
407080731	第一百二十五章 五件圣物的传说
407167803	第一百二十六章 β
407258931	第一百二十七章 穿过风暴
407301179	第一百二十八章 构装领主与至高之选
407399676	第一百二十九章 一招从天而降的拳法
407414071	第一百三十章 ‘船长’的技能
407472106	第一百三十一章 回信
407570831	第一百三十二章 一日不见，如隔三秋
409766223	第一百三十三章 诡异的局势
409819921	第一百三十四章 余量
409903413	第一百三十五章 十二阶
413006934	第一百三十六章 山林、蘑菇与夜蜥人
413522669	第一百三十七章 方鸻的造船计划
414058129	第一百三十八章 专业炼金术士？
414139877	第一百三十九章 快速修复的手段
414140214	第一百四十章 旧识
414215263	第一百四十一章 双胞胎
414215904	第一百四十二章 传奇之路
414562247	第一百四十三章 完成的工作
414562400	第一百四十四章 男人们的故事
414701910	第一百四十五章 阴魂不散的军方
414764961	第一百四十六章 突袭的正义
414765747	第一百四十七章 队长的决断
414917568	第一百四十八章 夜战
414918047	第一百四十九章 天才之间的再度相遇
415047360	第一百五十章 旅团之间的交手
415214865	第一百五十一章 全域视觉
415324123	第一百五十二章 抵达
415324586	第一百五十三章 妖精之墙
415418876	第一百五十四章 双胞胎姐妹的救援行动
415514195	第一百五十五章 提线的人偶师与突围战
415607630	第一百五十六章 过去
415609104	第一百五十七章 逝去的帝国
415730085	第一百五十八章 曾经的故事，匕首与一个忙
415850646	第一百五十九章 信念与意志的传承
415855188	第一百六十章 两面
415937342	第一百六十一章 金色的云层，火之灵
416048455	第一百六十二章 改造
416048551	第一百六十三章 龙之选
416137556	第一百六十四章 试炼队伍的组建
416229112	第一百六十五章 新成员，一个没有感情的杀手
416341954	第一百六十六章 队长
416449720	第一百六十七章 蔷薇与公主
416551986	第一百六十八章 邀请
416640730	第一百六十九章 受选者
416731426	第一百七十章 黑暗祝福
416816770	第一百七十一章 第二祝福，群星之语
416947699	第一百七十二章 试炼与变故
417052408	第一百七十三章 混乱的局面，保姆型队长
417160537	第一百七十四章 计划
417268479	第一百七十五章 听雨者的困境
417362269	第一百七十六章 人间大炮一级准备
417457947	第一百七十七章 XB-1，北约代号‘白鸽骑士’
417558320	第一百七十八章 独特的飞行
417663728	第一百七十九章 仪式法术
417772088	第一百八十章 赶到
417880183	第一百八十一章 失踪人口
417934666	第一百八十二章 第一层
417934799	第一百八十三章 偶遇
418232707	第一百八十四章 迷宫
418344637	第一百八十五章 影怪
418444178	第一百八十六章 神秘的召唤术
418521585	第一百八十七章 眼泪
418763548	第一百八十八章 侵蚀之兆
418793628	第一百八十九章 守护魔像，启动
418993327	第一百九十章 摊牌
419172037	第一百九十一章 永生者
419267872	第一百九十二章 七号禁令
419374350	第一百九十三章 行猎长号
419520702	第一百九十四章 字面含义
419647282	第一百九十五章 恶战
419837834	第一百九十六章 控制论
419971595	第一百九十七章 乌龙
420012309	第一百九十八章 公主殿下的第一次
420140822	第一百九十九章 异体——‘能天使’
420241549	第二百章 壁画
420330154	第二百零一章 祸星之谜
420483651	第二百零二章 安德特地下世界
420543186	第二百零三章 告亡之人
420766411	第二百零四章 地下河道
420882312	第二百零五章 激流飞渡
420993741	第二百零六章 第九层？
421102149	第二百零七章 接近的谜底
421222401	第二百零八章 猎手 I
421365188	第二百零九章 猎手 II
421550172	第二百一十章 猎手 III
421697591	第二百一十一章 猎手 IV
421869224	第二百一十二章 猎手 V
421968894	第二百一十三章 猎手 VI
422081953	第二百一十四章 猎手 VII
422197214	第二百一十五章 猎手 VIII
422337444	第二百一十六章 猎手 IX
422461401	第二百一十七章 祭祀场 I
422557482	第二百一十八章 祭祀场 II
422631575	第二百一十九章 祭祀场 III
422795580	第二百二十章 祭祀场 IV
422877940	第二百二十一章 祭祀场 V
423033027	第二百二十二章 祭祀场 VI
423111554	第二百二十三章 祭祀场 VII
423326399	第二百三十四章 祭祀场 VIII
423425843	第二百二十五章 祭祀场 IX
423557733	第二百二十六章 祭祀场 X
423667116	第二百一十七章 独角兽与手铳
423779835	第二百一十八章 浮出水面
423870732	第二百一十九章 传奇 I
423990934	第二百二十章 传奇 II
424146944	第二百二十一章 传奇 III
424250446	第二百二十二章 传奇 IV
424403235	第二百二十三章 传奇 V
424507084	第二百三十四章 传奇 VI
424609431	第二百三十五章 传奇 VII
424785214	第二百三十六章 传奇 VIII
424957281	第二百三十七章 传奇 IX
425081462	第二百三十八章 传奇 X
425185358	第二百三十九章 传奇 XI
425328796	第二百四十章 传奇 XII
425373207	第二百四十一章 传奇 XIII
425494165	第二百四十二章 传奇 XIV
425609431	第二百四十三章 传奇 XV
425726052	第三百四十四章 传奇 XVI
425831384	第三百四十五章 传奇 XVII
425937093	第二百四十六章 传奇 XVIII
425996610	第二百四十七章 传奇 XIX
426108825	第二百四十八章 传奇 XX
426194535	第二百四十九章 曙光
426303214	第二百五十章 结果？
426411862	第二百五十一章 终末
426498759	外篇 相遇
426610546	序章 成长
426701758	第一章 女儿
426843731	第二章 故事与决定，前路与未来
426928014	第三章 冒险计划
427032929	第四章 抵达考林
427154150	第五章 港口见闻
427240006	第六章 方鸻的新玩具
427376855	第七章 十四级
427478959	第八章 特殊的职衔
427568054	第九章 意料之外的战斗
427667094	第十章 哥哥
427767427	第十一章 人口买卖
427850052	第十二章 新成员
427941378	第十三章 再次中断的线索
428055311	第十四章 永恒与友情
428126448	第十五章 远方的七海
428291199	第十六章 落成
428432022	第十七章 博物学者与一个消息
428554946	第十八章 过往的历史
428641870	第十九章 南行
428711712	第二十章 神秘的猫
428821279	第二十一章 雪夜
428906233	第二十二章 天降正义
428989428	第二十三章 第三个炼金术士
429082842	第二十四章 都伦学派
429193901	第二十五章 一个任务？
429305802	第二十六章 古堡
429431463	第二十七章 骑士先生
429529199	第二十八章 画中的少女
429630717	第二十九章 吸血鬼
429718084	第三十章 龙之影与奇特的碎片
429805171	第三十一章 五剑之首，斩龙者
429920307	第三十二章 罗格斯尔家族？
430000182	第三十三章 战利品
430136157	第三十四章 少女
430358640	第三十五章 逃亡者与追击者
430473856	第三十六章 不是冤家不聚头
430625751	第三十七章 布置
430731706	第三十八章 交锋
430822621	第三十九章 陷阱
431075524	第四十章 猜猜谁是我？
431342229	第四十一章 太阳
431535972	第四十二章 两个团队
431771467	第四十三章 任务完成
431853386	第四十四章 扑朔迷离
431953804	第四十五章 送信者
432147125	第四十六章 暴风雪
432233834	第四十七章 突如其来的戒严
432357740	第四十八章 失踪的小队
432488719	第四十九章 卷入漩涡
432598016	第五十章 二十级以下的团队，很好赢
432707058	第五十一章 小尾巴
432804296	第五十二章 谢丝塔
432909880	第五十三章 女仆与水手
432921408	第五十四章 投降吧，你们被包围了
433017194	第五十五章 风雪之中的交手
433125346	第五十六章 说起来你可能不信，它飞起来了
433385071	第五十七章 公主殿下切开来都是黑的
433514216	第五十八章 两个团长
433600224	第五十九章 蔷薇
433685099	第六十章 我，方咕咕，未成年
433833028	第六十一章 时代
433956408	第六十二章 前因与后果
434054775	第六十三章 介入借口
434153864	第六十四章 心意与怀表
434277030	第六十五章 菲奥丝
434355131	第六十六章 两个世界
434447714	第六十七章 似曾相识的训练
434612545	第六十八章 希尔薇德的对手
434749367	第六十九章 模仿者
434842516	第七十章 赌注与发条妖精
434946983	第七十一章 余量的真正用法
435062991	第七十二章 船厂
435177000	第七十三章 庄园内的七天
435265039	第七十四章 永远有多远
435370633	第七十五章 劫持
435499697	第七十六章 一场追击
435650791	第七十七章 暗流
435807149	第七十八章 乱局的开端
435918976	第七十九章 冬日，庆典与松枝
436048788	第八十章 ‘仪式’
436165642	第八十一章 审问
436266242	第八十二章 自由的门扉
436374241	第八十三章 交锋
436460636	第八十四章 护送‘NPC’
436622457	第八十五章 发现目标
436758320	第八十六章 酒吧之前的战斗
436859514	第八十七章 天降正义
436939498	第八十八章 认出
437085175	第八十九章 怎么又是突围？
437223222	第九十章 大佬与跟班
437350432	第九十一章 半月旅行
437458579	第九十二章 抵达星门港
437575575	第九十三章 银之塔
437672035	第九十四章 一个小条件
437775534	第九十五章 千门之厅
437885165	第九十六章 ‘会诊’
437961116	第九十七章 特训
438099306	第九十八章 为期一周
438231699	第九十九章 星辉，目的
438349529	第一百章 第一扇门
438459290	第一百零一章 时间的刻度
438546072	第一百零二章 红门
438649840	第一百零三章 进击的方咕咕
438732933	第一百零四章 两种发条妖精与以多打多的理论
438778225	第一百零五章 排名
439013736	第一百零六章 关于全能者的猜测
439685348	第一百零七章 漫长的挑战
439974318	第一百零八章 铸造传奇
440615387	第一百零九章 孤王之傲
441205651	第一百一十章 十个月
441574976	第一百一十一章 禁忌与难题
442160812	第一百一十二章 中断
443287129	第一百一十三章 高塔之外的战斗
444221703	第一百一十四章 旅店的主人
444844443	第一百一十五章 杰作
444930773	第一百一十六章 关于第二龙魂
445016983	第一百一十七章 舰务官小姐的汇报工作
445472770	第一百一十八章 南境之南
445730921	第一百一十九章 二号与三号栈桥
445943144	第一百二十章 第六人
445999617	第一百二十一章 考校
446141625	第一百二十二章 目标的下落与星门延期
446258002	第一百二十三章 结界
446553932	第一百二十四幕 熟人？
446770623	第一百二十五幕 一个身份
446907362	第一百二十六章 尘埃下的笔记
447005047	第一百二十七章 公爵之女
447099796	第一百二十八章 重逢与会面
447197910	第一百二十九章 真的只是偷渡者吗？
447295149	第一百三十章 可以送你去喝茶
447409962	第一百三十一章 比赛第一日
447563732	第一百三十二章 大约几个月前？
447865121	第一百三十三章 继承人
448232533	第一百三十四章 筹码
448464090	第一百三十五章 宴会
448513174	第一百三十六章 暗流汹涌
448680986	第一百三十七章 转折
448799347	第一百三十八章 真假应誓者？
448913330	第一百三十九章 赛场上的意外
449081708	第一百四十章 全满
449207752	第一百四十一章 聪明反被聪明误
449350131	第一百四十二章 惊险的胜利
449436417	第一百四十三章 中局
449557874	第一百四十四章 授艺
449637052	第一百四十五章 是个狠人
449724889	第一百四十六章 遗产
449795411	第一百四十七章 技术推广？
449887304	第一百四十八章 入场
449966950	第一百四十九章 赛场之外
450039262	第一百五十章 决赛
450135280	第一百五十一章 题目
450237303	第一百五十二章 主核心水晶的性质
450402161	第一百五十三章 ‘若批评不自由，则赞美无意义’
450510434	第一百五十四章 怎样的传承
450618802	第一百五十五章 无可争议
450743626	第一百五十六章 圣约山事件？
450848709	第一百五十七章 选手请听题
450958453	第一百五十八章 创造之路
451074913	第一百五十九章 主构装？
451216817	第一百六十章 ‘赛场’
451315445	第一百六十一章 结界
451434514	第一百六十二章 沉没的下城区
451533322	第一百六十三章 失踪的关键人物
451632241	第一百六十四章 龙之爪
451695021	第一百六十五章 测绘者
451862085	第一百六十六章 所选择的道路
451947813	第一百六十七章 蔽空之翼
452051905	第一百六十八章 命运的交汇
452095182	第一百六十九章 昔日重现
452377301	第一百七十章 康复与局势变化
452447605	第一百七十一章 方咕咕的末日
452795243	第一百七十二章 未来之路的抉择
452887177	第一百七十三章 星门的时代
452972555	第一百七十四章 五月
453154303	第一百七十五章 决定之重
453349756	第一百七十六章 古代战斗工匠
453891383	第一百七十七章 饵
454536723	第一百七十八章 再度启航
454623024	第一百七十九章 向西而行，废墟与灰斑蜥蜴
454698214	第一百八十章 一夜
454795695	第一百八十一章 关于‘七海旅人’号的一次会议
454859001	第一百八十二章 深入蛛巢
456395859	第一百八十三章 同行是冤家
456747728	第一百八十四章 龙火工会的‘大场面’
456869763	第一百八十五章 战斗妖精的回归
456987857	第一百八十六章 计划一下
457080493	第一百八十七章 旅团之战（上）
457171304	第一百八十八章 旅团之战（下）
457332799	第一百八十九章 魔导士方咕咕
457435135	第一百九十章 妮可波拉丝，超凶
457604136	第一百九十一章 一场‘谈判’
457680041	第一百九十二章 收场
457822233	第一百九十三章 过去
457956410	第一百九十四章 劫持者
458041094	第一百九十五章 依督斯的情况
458152091	第一百九十六章 侦查与潜入
458406617	第一百九十七章 龙之踪影
458499315	第一百九十八章 第一个挖掘点
458609557	第一百九十九章 诞生地之谜
458718197	第二百章 地图
458810719	第二百零一章 暗门
458913991	第二百零二章 幽灵？
459050559	第二百零三章 R
459199144	第二百零四章 神秘的身份与过往？
459395222	第二百零五章 黑水晶
459576527	第二百零六章 方咕咕的‘专业’分析
459736299	第二百零七章 封印
459870750	第一百零八章 突如其来
460000342	第二百零九章 戒指，黑暗中的袭击者
460138818	第二百一十章 空降
460267608	第二百一十一章 时间回溯，临战
460439725	第二百一十二章 焰光
460641342	第二百一十三章 龙之命运
460764521	第一百一十四章 人与龙
460900076	第一百一十五章 第一次接触
461096713	第一百一十六章 断空
461303831	第二百一十七章 无名剑圣与联系恢复
461424834	第二百一十八章 封印背后
461603450	第二百一十九章 血与咒
461773853	第二百二十章 第四方
461899783	第二百二十一章 另一类戒指
461991135	第二百二十二章 闪光
462193764	第二百二十三章 另一条线
462349494	第二百二十四章 合作‘共赢’
462505860	第二百二十五章 沙之国与古老的故事
462640470	第二百二十六章 罗林与契约
462792834	第二百二十七章 仇恨
462919366	第二百二十八章 进入市政厅
463131490	第二百二十九章 昔日映照
463246612	第二百三十章 龙之魔女的过去（上）
463350273	第二百三十一章 龙魔女的过去（下）
463488803	第二百三十二章 双面
463584554	第二百三十三章 历史重叠
463663698	第二百三十四章 流浪者
463752023	第二百三十五章 ‘终末’与‘龙’
463854832	第二百三十六章 骨龙
464052650	第二百三十七章 众星陨落
464368668	第二百三十八章 资格
464625513	第二百三十九章 复仇者
464895252	第二百四十章 等待的意义
465086787	第二百四十一章 仇敌之间
465243065	第二百四十二章 圣物之秘
465338771	第二百四十三章 星
465507513	第二百四十四章 巧合还是必然
465593110	第二百四十五章 今夜
465779039	第二百四十六章 诺言
465933790	第二百四十七章 船长的日常与值日者
466065094	第二百四十八章 与军方的会面
466144073	第二百四十九章 突如其来的会面邀请
466237501	第二百五十章 异国他乡与坠入爱河的帕克
466368907	第二百五十一章 会谈（上）
466716525	第一百五十二章 会谈（下）
466873423	第一百五十三章 神秘的工匠
467058619	第二百五十四章 沙之旅舍的一场战斗
467392694	第二百五十五章 先行者
467510248	第二百五十六章 你怎么知道？
467644660	第二百五十七章 队长的另一个职责
467735944	第二百五十八章 意外的考核
467864165	第二百五十九章 新晋会长
468083073	第二百六十章 方鸻的新收获
468327587	第二百六十一章 推开的大门，方鸻缔造的炼金术
468572416	第二百六十二章 阴谋
468739424	第二百六十三章 大公主
468829269	第二百六十四章 星之露华
468970631	第二百六十五章 沙盗、空盗与走私犯
469078390	第二百六十六章 阅读
469327661	第二百六十七章 材料配方
469693140	第二百六十八章 调查奴隶贸易
469943956	第二百六十九章 老人
470099965	第一百七十章 新的谜题
470170861	第二百七十一章 秘与血
470304600	第二百七十二章 神降
470558464	第一百七十三章 关于谈判与推理
470651808	第二百七十四章 染血的信笺
470791542	第一百七十五章 约定之日
470894957	第二百七十六章 七海之旅
470989218	第二百七十七章 造船厂内的日常
471083281	第二百七十八章 急转直下
471203165	第二百七十九章 蝴蝶之翼
471337665	第二百八十章 笔记
471424360	第二百八十一章 三次通讯
471581159	第二百八十二章 博物学传承
471878566	第二百八十三章 蜂群的诞生
472212289	第二百八十四章 被冻结的财产
472317204	第二百八十五章 套情报与搜索策略
472470408	第二百八十六章 夜莺
472706992	第二百八十七章 渊海石板
472917499	第二百八十八章 大佬
473268053	第二百八十九章 再遇卢福之盾
473751110	第二百九十章 飞越
473886379	第二百九十一章 试探性侦查
473931370	第二百九十二章 蜂群首战
474428341	第二百九十三章 地下溶洞
474617199	第二百九十四章 走私者港湾
474923815	第二百九十五章 战利品
475142171	第二百九十六章 计划有变
475349749	第二百九十七章 疑局
475478849	第二百九十八章 截胡者？
475594071	第二百九十九章 立场
475746896	第三百章 风起
475894582	第三百零一章 地下监狱
476023753	第三百零二章 你也是阿菲法？
476243646	第三百零三章 地牢之中的囚犯
476391811	第三百零四章 德兰的魔力回收
476493625	第三百零五章 逃出
476738815	第三百零六章 方鸻的大冒险
476867050	第三百零七章 另一笔横财？
477091603	第三百零八章 营救计划
477388101	第三百零九章 效忠者
477856448	第三百一十章 镜像
478206138	第三百一十一章 计划与报酬
478308725	第三百一十二章 拉瓦莉-伊格-艾默伊本小姐（上）
478414308	第三百一十三章 拉瓦莉-伊格-艾默伊本小姐（中）
478696279	第三百一十四章 拉瓦莉-伊格-艾默伊本小姐（下）
479132545	第三百一十五章 潜入内城
479431304	第三百一十六章 一点小意外
479816052	第三百一十七章 南方同盟的任务
480067165	第三百一十八章 一场‘劫持’
480139745	第三百一十九章 我们中计了？
480231733	第三百二十章 古怪的境况
480375481	第三百二十一章 准备周全
480554337	第三百二十二章 登船
480740078	第三百二十三章 唯一留下的人
481443436	第三百二十四章 绝境重围
482238745	第三百二十五章 圣殿（上）
482458630	第三百二十六章 圣殿（下）
482579950	第三百二十七章 神选
482831485	第三百二十八章 风暴之中
482955471	第三百二十九章 权柄之争
483250668	第三百三十章 星落 I
483478110	第三百三十一章 星落 II
483602820	第三百三十二章 星落 III
483725253	第三百三十三章 星落 IV
483797778	第三百三十四章 星落 V
485311910	第三百三十五章 星落 VI
485571577	第三百三十六章 星落 VII
485693969	第三百三十七章 星落 VIII
485866788	第三百三十八章 星落 IX
486139020	第三百三十九章 星落 X
486374593	第三百四十章 星落 XI
486483818	第三百四十一章 星落 XII
486616326	第三百四十二章 星落 XIII
486886334	第三百四十三章 星落 XIV
487339881	第三百四十四之章 桥 I
488034606	第三百四十五章 桥 II
488495930	第三百四十六章 桥 III
488619706	第三百四十七章 桥 IV
488692419	第三百四十八章 桥 V
488964149	第三百四十九章 桥 VI
489429690	第三百五十章 桥 VII
489488269	第三百五十一章 桥 VIII
489755400	第三百五十二章 桥 IX
489829057	第三百五十三章 桥 X
490012329	第三百五十四章 桥 XI
490107510	第三四百五十五章 桥 XII
490214242	第三百五十六章 桥 XIII
490336330	第三百五十七章 桥 XIV
490750016	第三百五十八章 桥 XV
490842021	第三百五十九章 桥 XVI
491002454	第三百六十章 桥 XVII
491301528	第三百六十一章 桥 XVIII
491475348	第三百六十二章 其所追寻的远方 I
491550957	第三百六十三章 其所追寻的远方 II
491708869	第三百六十四章 其所追寻的远方 III
491866958	第三百六十五章 其所追寻的远方 IV
492191140	第三百六十六章 其所追寻的远方 V
492269143	第三百六十七章 其所追寻的远方 VI
492369445	第三百六十八章 其所追寻的远方 VII
492450563	第三百六十九章 其所追寻的远方 VIII
492562214	第三百七十章 其所追寻的远方 IX
492856299	第三百七十一章 其所追寻的远方 X
493265102	第三百七十二章 其所追寻的远方 XI
493371308	第三百七十三章 其所追寻的远方 XII
493696916	第三百七十四章 其所追寻的远方 XIII
493812156	第三百七十五章 其所追寻的远方 XIV
493921997	第三百七十六章 其所追寻的远方 XV
494028772	第三百七十七章 其所追寻的远方 XVI
494335944	第三百七十八章 其所追寻的远方 XVII
494586750	第三百七十九章 其所追寻的远方 XVIII
494891920	第三百八十章 其所追寻的远方 XIX
495101086	第三百八十一章 其所追寻的远方 XX
495414143	第三百八十二章 其所追寻的远方 XXI
495853963	第三百八十三章 其所追寻的远方 XXII
495952254	第三百八十四章 其所追寻的远方 XXIII
496446396	第三百八十五章 其所追寻的远方 XXIV
496634020	第三百八十六章 其所追寻的远方 XXV
496793579	第三百八十七章 其所追寻的远方 XXVI
496833938	第三百八十八章 其所追寻的远方 XXVII
496921411	第三百八十九章 其所追寻的远方 XXVIII
496981455	第三百九十章 其所追寻的远方 XXIX
497125359	第三百九十一章 其所追寻的远方 XXX
497328033	第三百九十二章 其所追寻的远方 XXXI
497742185	第三百九十三章 其所追寻的远方 XXXII
497954585	第三百九十四章 其所追寻的远方 XXXIII
498149547	第三百九十五章 其所追寻的远方 XXXIV
498265263	第三百九十六章 其所追寻的远方 XXXV
498429506	第三百九十七章 其所追寻的远方 XXXVI
498814053	外篇 远方
499644096	序章 星，七海旅团与日常
500101602	第一章 使节团
500399757	第二章 扬帆，启航
500506587	第三章 一份袭击报告
500661150	第四章 停靠与休整的相关‘事务’
500724165	第五章 永眠的战舰
500933464	第六章 狩龙人
501113011	第七章 我的继承者
501412602	第八章 星芒
501537527	第九章 回到七海旅人号上
501613979	第十章 雾峡的月光
501730664	第十一章 标准的进港方式
501826396	第十二章 大预言家艾德
502025766	第十三章 困局重重
502054752	第十四章 本地公会的二三事
502261253	第十五章 浮岛鲸号（上）
502394577	第十六章 浮岛鲸号（中）
502490269	第十七章 浮岛鲸号（下）
502577227	第十八章 奥伦泽上空的追击战
502817702	第十九章 灰色通缉令 I
503164693	第二十章 灰色通缉令 II
503172779	第二十一章 灰色通缉令 III
503474115	第二十二章 军方的消息
503806799	第二十三章 关于狩龙人的研究
503928876	第二十四章 流放之路 I
504070376	第二十五章 流放之路 II
504214816	第二十六章 流放之路 III
504389633	第二十七章 流放之路 IV
504418686	第二十八章 流放之路 V
504790843	第二十九章 流放之路 VI
504907920	第三十章 流放之路 VII
505006358	第三十一章 流放之路 VIII
505073883	第三十二章 不太聪明的样子
505383155	第三十三章 湖，剑与远山
505613970	第三十四章 崇山之心 I
505853995	第三十五章 崇山之心 II
506220618	第三十六章 崇山之心 III
506277419	第三十七章 崇山之心 IV
506452238	第三十八章 崇山之心 V
506487659	第三十九章 崇山之心 VI
506661184	第四十章 崇山之心 VII
506809456	第四十一章 崇山之心 VIII
507078687	第四十二章 崇山之心 IX
507187842	第四十三章 荆棘前线
507280034	第四十四章 一次试探（上）
507321902	第四十五章 一次试探（下）
507422297	第四十六章 中场
507561331	第四十七章 矿工与线索
507682057	第四十八章 树之大厅里的冲突
508143297	第四十九章 深林之中
508230263	第五十章 塔伦地区的生态
508338614	第五十一章 鼻梁骨警告
508474312	第五十二章 密道与冲突
508669201	第五十三章 一声枪响
508774196	第五十四章 友人，我们并肩作战
508942039	第五十五章 归还
509094407	第五十六章 重燃的光焰
509395348	第五十七章 礼物
509563864	第五十八章 生死之界
509594630	第五十九章 离开的时刻
509716684	第六十章 最后一次探险
509922510	第六十一章 星辰倒影
509977301	第六十二章 地下的谜题
510019590	第六十三章 骑士小姐
510105774	第六十四章 来自军方的支持
510285594	第六十五章 第二世界
510404379	第六十六章 载入史册的空海之战
510539492	第六十七章 前所未见的战术
510644041	第六十八章 秘密会议
510934051	第六十九章 抵达横风港
511056263	第七十章 再遇
511151138	第七十一章 空
511306046	第七十二章 星与焰
511398457	第七十三章 两面
511561611	第七十四章 家人
511831655	第七十五章 十年前
511908561	第七十六章 留下的人
512038328	第七十七章 尊贵的客人
512119071	第七十八章 血船
512527063	第七十九章 黑山羊
512633760	第八十章 徽章与地理
512731790	第八十一章 永生
512833982	第八十二章 回到旅者之憩
512976754	第八十三章 在任务的尾声
513117437	第八十四章 两个世界
513436397	第八十五章 金焰复燃（上）
513521298	第八十六章 金焰复燃（下）
513630986	第八十七章 洛羽的父母
513709816	第八十八章 鸦爪
513866629	第八十九章 劫持者
513893595	第九十章 亡信徒
514361920	第九十一章 一次搜查
514592768	第九十二章 废弃的修道院
514798237	第九十三章 鬼魂？
515062525	第九十四章 盔甲
515248203	第九十五章 北境的传说
515628002	第九十六章 一个‘邀请’
515789678	第九十七章 再遇骑士团
515926160	第九十八章 乌鸦预言 I
516077608	第九十九章 乌鸦预言 II
516469977	第一百章 乌鸦预言 III
516563588	第一百零一章 乌鸦预言 IV
516730291	第一百零二章 乌鸦预言 V
516842224	第一百零三章 乌鸦预言 VI
517010883	第一百零四章 乌鸦预言 VII
517151215	第一百零五章 乌鸦预言 VIII
517646109	第一百零六章 乌鸦预言 IX
519510265	第一百零七章 乌鸦预言 X
519960002	第一百零八章 乌鸦预言 XI
520353235	第一百零九章 乌鸦预言 XII
520607300	第一百一十章 魔剑（上）
520796090	第一百一十一章 魔剑（下）
520952288	第一百一十二章 鸦群
521100550	第一百一十三章 何为正义？ I
521495645	第一百一十四章 何为正义？ II
521661935	第一百一十五章 何为正义？ III
521892195	第一百一十六章 何为正义？ IV
522761206	第一百一十七章 何为正义？ V
523012310	第一百一十八章 何为正义？ VI
523234386	第一百一十九章 何为正义？ VII
523537367	第一百二十章 何为正义？ VIII
523732312	第一百二十一章 何为正义？ IX
524039181	第一百二十二章 何为正义？ X
525065681	第一百二十三章 何为正义？ XI
525374061	第一百二十四章 何为正义？ XII
525581745	第一百二十五章 何为正义？ XIII
525869703	第一百二十六章 何为正义？ XIV
526102025	第一百二十七章 继续进攻
526393900	第一百二十八章 失踪的同伴（上）
526687879	第一百二十九章 失踪的同伴（下）
526929127	第一百三十章 漫卷
527529721	第一百三十一章 风暴汇聚 I
527814067	第一百三十二章 风暴汇聚 II
528371168	第一百三十三章 风暴汇聚 III
528620950	第一百三十四章 风暴汇聚 IV
529077926	第一百三十五章 风暴汇聚 V
529318057	第一百三十六章 风暴汇聚 VI
529566292	第一百三十七章 风暴汇聚 VII
529830335	第一百三十八章 风暴汇聚 VIII
530253719	第一百三十九章 风暴汇聚 IX
530439582	第一百四十章 风暴汇聚 X
531273452	第一百四十一章 风暴汇聚 XI
531760523	第一百四十二章 风暴汇聚 XII
532242892	第一百四十三章 紧急状态
532696795	第一百四十四章 弗洛尔之裔的‘行动’
532697137	第一百四十五章 答复
533029025	第一百四十六章 兵锋所向
534029480	第一百四十七章 两个世界
534181681	第一百四十八章 两支舰队
534521283	第一百四十九章 对峙
534876139	第一百五十章 又来了？
535169422	第一百五十一章 因与果 I
535895382	第一百五十二章 因与果 II
536245565	第一百五十三章 因与果 III
537155767	第一百五十四章 因与果 IV
537576872	第一百五十五章 因与果 V
537689362	第一百五十六章 因与果 VI
537853437	第一百五十七章 因与果 VII
538118098	第一百五十八章 因与果 VIII
538564848	第一百五十九章 因与果 IX
538763166	第一百六十章 抉择 I
539056740	第一百六十一章 抉择 II
539150436	第一百六十二章 抉择 III
539228699	第一百六十三章 抉择 IV
539425350	第一百六十四章 抉择 V
539545547	第一百六十五章 抉择 VI
539746614	第一百六十六章 抉择 VII
539978102	第一百六十七章 抉择 VIII
540082427	第一百六十八章 抉择 IX
540277955	第一百六十九章 抉择 X
540416040	第一百七十章 抉择 XI
540636526	第一百七十一章 下一步计划
540762280	第一百七十二章 暗影之焰（上）
540960618	第一百七十三章 暗影之焰（下）
541204876	第一百七十四章 星门之战 I
541405225	第一百七十五章 星门之战 II
541607117	第一百七十六章 星门之战 III
541718328	第一百七十七章 星门之战 IV
542300782	第一百七十八章 星门之战 V
542716830	第一百七十九章 星门之战 VI
542895887	第一百八十章 星门之战 VII
543743059	第一百八十一章 星门之战 VIII
543822592	第一百八十二章 星门之战 IX
544038500	第一百八十三章 星门之战 X
544197894	第一百八十四章 星门之战 XI
544673046	第一百八十五章 星门之战 XII
544913458	第一百八十六章 星门之战 XIII
545051654	第一百八十七章 星门之战 XIV
545352013	第一百八十八章 星门之战 XV
545540158	第一百八十九章 星门之战 XVI
545727523	第一百九十章 星门之战 XVII
545801946	第一百九十一章 星门之战 XVIII
546106271	第一百九十二章 星门之战 XIX
546276602	第一百九十三章 星门之战 XX
547114491	第一百九十四章 决战之刻
547461781	第一百九十五章 魔剑
547957058	第一百九十六章 赤色的舰队
548864410	第一百九十七章 拦截
551605494	第一百九十八章 刹那
552317053	第一百九十九章 寻求胜机
556919300	第两百章 艾尔帕欣上空的火焰 I
557926968	第二百零一章 艾尔帕欣上空的火焰 II
560409358	第二百零二章 艾尔帕欣上空的火焰 III
561000039	第二百零三章 艾尔帕欣上空的火焰 IV
564818145	第二百零四章 艾尔帕欣上空的火焰 V
572135103	第二百零五章 艾尔帕欣上空的火焰 VI
581886641	第二百零六章 艾尔帕欣上空的火焰 VII
656151353	第二百零七章 艾尔帕欣上空的火焰 VIII
721358735	第二百零八章 艾尔帕欣上空的火焰 IX
721469793	第二百零九章 最后一霎
721551796	第二百一十章 来自梦魇
730782709	第二百一十一章 世界的余烬
730873546	第二百一十二章 龙之语
730938151	第二百一十三章 群星升起，群星落下
731015058	第二百一十四幕 见证那最后的流星
731081536	第二百一十五章 写在战斗的尾声
731160499	第二百一十六章 冬天带来的消息
731257185	第二百一十七章 离别，另一个消息
731383647	第二百一十八幕 何为魇界
731509522	第二百一十九幕 F类名额
731606937	第二百二十幕 目标与计划
731715080	第二百二十一幕 师娘？
731808120	第二百二十二幕 钥匙之章
731901996	第二百二十三幕 扬帆远航，抵达帝国
731984112	第二百二十四幕 牡鹿与魔导士之国
732061984	第二百二十五幕 霍尔芬学院
732201447	第二百二十六幕 老仆人
732301027	第二百二十七幕 一个故事
732453252	第二百二十八幕 另一方的反应
732588520	第二百二十九幕 灵魂魔晶
732687015	第二百三十幕 古怪的船
732758448	第二百三十一幕 传说中的城市
732845737	第二百三十二幕 莱拉
733029622	第二百三十三幕 帝国初见闻
733159448	第二百三十四幕 妖精使
733273774	第二百三十五章 新构装
733368574	第二百三十六幕 帝国工坊
733443359	第二百三十七幕 账簿，资金来源与学院生
733521613	第二百三十八幕 布丽塔与魔导理论
733731051	第二百三十九幕 没有水晶的魔导炉
734450775	第二百四十幕 相见不如闻名
734564243	第二百四十一幕 艾尔帕欣工匠协会抵达
734864708	第二百四十二幕 赛制
734947463	第二百四十三幕 对手与队友
735073111	第二百四十四幕 前往巴伐兰的船
735174814	第二百四十五幕 第一轮
735294657	第二百四十六幕 四个题目
735406846	第二百四十七幕 又见全能插件
735476443	第二百四十八幕 更快与更强
735560194	第二百四十九幕 极致的快，与极致的慢
735695700	第二百五十幕 你究竟守护了什么？
735803669	第二百五十一幕 训诫，奖励与巴伐兰的赛程
735927737	第二百五十二幕 紫水晶
736020078	第二百五十三幕 故人
736137681	第二百五十四幕 齿轮与魔导书的骚乱
736300558	第二百五十五幕 七海旅团在行动
736385460	第二百五十六幕 银妆
736474791	第二百五十七幕 骑士在此
736560874	第二百五十八幕 故事可以讲述一切
736682949	第二百五十九幕 返回艾音布洛克
736909410	第二百六十幕 理由呢？
737079317	第二百六十一幕 大新闻
737176663	第一百六十二幕 帝国的风波
737463720	第二百六十三幕 众星装置的来由
737600173	第二百六十四幕 光海祝福
737808904	第二百六十五幕 书卷骑士
737883087	第二百六十六幕 一个圈套
737948421	第二百六十七幕 众圣见证
738020074	第二百六十八幕 一次通讯
738125535	第二百六十九幕 双生
738314408	第二百七十幕 自然龙魂
738410694	第二百七十一幕 海林水晶
738459996	第二百七十二幕 狼少女
738532163	第二百七十三幕 那个时代变革的开端（上）
738600425	第二百七十四幕 那个时代变革的开端（中）
738703869	第二百七十五幕 那个时代变革的开端（下）
738928601	第二百七十六幕 离别与新成员
739000718	第二百七十七幕 矿区
739439291	第二百七十八幕 诡异的矿区
740260465	第二百七十九幕 帝国人的盘算
740430058	第二百八十幕 土元素与帝国军
743166911	第二百八十一幕 岩石的世界
743306221	第二百八十二幕 ‘窥探’？
743399868	第二百八十三幕 试炼
743545671	第二百八十四幕 复制品？
743631533	第二百八十五幕 魔导书感应
743812154	第二百八十六幕 古老的复苏
743901442	第二百八十七幕 打开通道
744083779	第二百八十八幕 元素祝福
744167306	第二百八十九幕 源于骄傲
744327040	第二百九十幕 地下世界
744440893	第二百九十一幕 大块头与幽灵
744576471	第二百九十二幕 古老的故事
744647952	第二百九十三幕 女士，我们是圣选者
744726085	第二百九十四幕 犹如众星
744896309	第二百九十五幕 项链
745052336	第二百九十六幕 机械灵魂
745137031	第二百九十七幕 Alix
745249924	第二百九十八幕 时间停滞
745346077	第二百九十九幕 契约
745477742	第三百幕 大计划
745575944	第三百零一幕 圣选
745736338	第三百零二幕 信，余量与Alix
745832604	第三百零三幕 地下的收获
745940112	第三百零四幕 丁香同盟
746044882	第三百零五幕 示范教学
746094470	第三百零六幕 新的赛制
746177672	第三百零七幕 炼金术士与战斗工匠
746234542	第三百零八幕 心态改变
746410873	第三百零九幕 试炼之前
746476019	第三百一十幕 妮妮银行正式成立
746557496	第三百一十一幕 进入高塔
746644416	第三百一十二幕 重现世间
746721682	第三百一十三幕 当一切如同注定
746833675	第三百一十四幕 树海生存指南
746931271	第三百一十五幕 如何指导与组织魔导技艺下的生产
747098448	第三百一十六幕 我要开始加速了，帝国人
747148548	第三百一十七幕 各表一枝
747348930	第三百一十八幕 进入中场
747430353	第三百一十九幕 试验场
747521705	第三百二十幕 生死并行
747626751	第三百二十一幕 林中灰枝
747700112	第三百二十二幕 智慧与勇气
747932894	第三百二十三幕 记载于石碑之上的（上）
748031763	第三百二十四幕 记载于石碑之上的（中）
748188742	第三百二十五幕 记载于石碑之上的（下）
748188569	第三百二十六幕 五号塔
748377285	第三百二十七幕 暗潮
749100540	第三百二十八幕 以数量，对数量 I
752020150	第三百二十九幕 以数量，对数量 II
752087257	第三百三十幕 以数量，对数量 III
752149679	第三百三十一幕 以数量，对数量 IV
752245544	第三百三十二幕 以数量，对数量 V
752326513	第三百三十三幕 以数量，对数量 VI
752491215	第三百三十四幕 通向树海的终局
752603041	第三百三十五幕 如何开门
752754094	第三百三十六幕 圣树之章
752871434	第三百三十七幕 约定中的事物
753362555	第三百三十八幕 彼此的抵达
753506770	第三百三十九幕 永恒的命题
753621410	第三百四十幕 穿过云海
753745585	第三百四十一幕 世界的边缘
753972178	第三百四十二幕 巨兽
754423844	第三百四十三幕 传奇生物的习性
754584860	第三百四十四幕 何为龙骑士
754693164	第三百四十五幕 活化的大陆
754834280	第三百四十六幕 汇合
754937276	第四百五十七幕 圣树与秘密
755146399	第三百四十八幕 星群
755221507	第三百四十九幕 移动的战线
755465553	第三百五十幕 通向胜利的路
755623240	第三百五十一幕 闪光，这里是闪光号
755711915	第三百五十二幕 高塔评价为
755827034	第三百五十三幕 成名
755958481	第三百五十四幕 前因与后果
756188038	第三百五十五幕 一封邀请函
756265482	第三百五十六幕 汇聚的微小变化
756376837	第三百五十七幕 离开亚培南德
756472919	第三百五十八幕 帝国的计划，与答案
756693653	第三百五十九幕 高塔与火海
756821620	第三百六十幕 问题
757086777	第三百六十一幕 红门之后的选择
757234776	第三百六十二幕 不试试怎么知道呢？
757351198	第三百六十三幕 也不是不行
757540879	第三百六十四幕 塔内塔外
757838774	第三百六十一幕 终极一问
757985437	第三百六十二幕 学院赛
758053786	第三百六十三幕 学院之内
758155079	第三百六十四幕 铁锈基金会
758270091	第三百六十五幕 灵魂
758460049	第三百六十六幕 帝国暴雨 I
758664615	第三百六十七幕 帝国暴雨 II
758735561	第三百六十八幕 帝国暴雨 III
759196436	第三百六十九幕 帝国暴雨 IV
759440759	第三百七十幕 帝国暴雨 V
759622853	第三百七十一幕 帝国暴雨 VI
759736118	第三百七十二幕 帝国暴雨 VII
759836148	第三百七十三幕 帝国暴雨 VIII
760189908	第三百七十四幕 帝国暴雨 IX
760318963	第三百七十五幕 帝国暴雨 X
760568551	第三百七十六幕 两条路线的抉择 I
760667321	第三百七十七幕 两条路线的抉择 II
760769585	第三百七十八幕 两条路线的抉择 III
760841919	第三百七十九幕 两条路线的抉择 IV
760923103	第三百八十幕 两条路线的抉择 V
761070996	第三百八十一幕 两条路线的抉择 VI
761203434	第三百八十二幕 举世之名 I
761385330	第三百八十三幕 举世之名 II
761486557	第三百八十三幕 举世之名 III
761758366	第三百八十四幕 举世之名 IV
761896275	第三百八十五幕 举世之名 V
763030517	第三百八十六幕 举世之名 VI
763351845	第三百八十七幕 举世之名 VII
764350130	第三百八十九幕 举世之名 VIII
764509764	第三百九十幕 举世之名 IX
764597047	第三百九十一幕 安德琉斯
764696502	第三百九十二幕 准备
764792077	第三百九十三幕 位于风暴的另一端
765159815	第三百九十四幕 两位女士
765388238	第三百九十五幕 与过去作别
765674425	第三百九十六幕 发财了？
765867966	第三百九十七幕 艾塔黎亚矿物学
766275768	第三百九十八幕 一枚硬币
766497134	第三百九十九幕 坏了，计划败露
766651547	第四百幕 天才的工作
766792228	第四百零一幕 贤者石与铸匠
767084258	第四百零二幕 一箭双雕？
767230920	第四百零三幕 无形的墙
767370984	第四百零四幕 作第一个开枪的人
767781248	第四百零五幕 浑水摸鱼
770729775	第四百零六幕 搭建舞台
771324785	第四百零七幕 混战
771694189	第四百零八幕 方尖塔
771989464	第四百零九幕 故事中的结界
772108979	第四百一十幕 试探
772762366	第四百一十一幕 猜疑
773582550	第四百一十二幕 浮于命运之河上的树叶
773796384	第四百一十三幕 至高核心
774144163	第四百一十四幕 飞向安德琉斯（上）
775001092	第四百一十五幕 飞向安德琉斯（中）
775248404	第四百一十六幕 飞向安德琉斯（下）
775557958	第四百一十七幕 汇流的命运
775634431	第四百一十八幕 记忆同调
775745504	第四百一十九幕 怒海，风暴的门扉
775830022	第四百二十幕 停留在过去的人
775956606	第四百二十一幕 不应存在的城市
776052607	第四百二十二幕 黯亡之星
776159891	第四百二十三幕 什么女神？
776277643	第四百二十四幕 神谕
776375705	第四百二十五幕 圣选者的战役
776562326	第四百二十六幕 关于任务
776765861	第四百二十七幕 人心与暗流
776905366	第四百二十八幕 不速之客
777179424	第四百二十九幕 蓝水晶
777766120	第四百三十幕 灰白之名
777842073	第四百三十一幕 密令
778024736	第四百三十二幕 再度出现的水晶塔
779744198	第四百三十三幕 暴风中央
779841211	第四百三十四幕 怒海，风暴汇聚 I
779920125	第四百三十五幕 怒海，风暴汇聚 II
782332305	第四百三十六幕 怒海，风暴汇聚 III
782474578	第四百三十七幕 怒海，风暴汇聚 IV
782561269	第四百三十八幕 怒海，风暴汇聚 V
782662158	第四百三十九幕 怒海，风暴汇聚 VI
782776102	第四百四十幕 怒海，风暴汇聚 VII
782803409	第四百四十一幕 怒海，风暴汇聚 VIII
782938612	第四百四十二幕 怒海，风暴汇聚 IX
783088344	第三百四十三幕 怒海，风暴汇聚 X
783480891	第四百四十四幕 怒海，风暴汇聚 XI
785135399	第四百四十五幕 怒海，风暴汇聚 XII
785668296	第四百四十六幕 怒海，风暴汇聚 XIII
785751272	第四百四十七幕 怒海，风暴汇聚 XIV
785969101	第四百四十八幕 怒海，风暴汇聚 XV
786067364	第四百四十九幕 怒海，风暴汇聚 XVI
786136008	第四百五十幕 怒海，风暴汇聚 XVII
786460735	第四百五十一幕 怒海，风暴汇聚 XVIII
786835423	第四百五十二幕 怒海，风暴汇聚 XIX
787347701	第四百五十三幕 怒海，风暴汇聚 XX
788597573	第四百五十四幕 孤海灯塔
788816878	第四百五十五幕 汇聚于光
789114268	第四百五十六幕 流向未来的河（上）
790023930	第四百五十七幕 流向未来的河（中）
790096318	第四百五十八幕 流向未来的河（下）
790513962	第四百五十九幕 是否见证风雨退去？
790639382	外篇 祸星
790770463	序章 命运的桂冠
790938634	第一章 天空与遥远的海
791118814	第二章 遗失的星之纱
791223589	第三章 崇高见证一切
792520231	第四章 一位客人
792793658	第五章 交易与报价
792883056	第六章 血海之鲨
793365095	第七章 也算是一场交易
794216539	第八章 意想不到的身份
794398033	第九章 重重封锁
794473119	第十章 圣休安
795201869	第十一章 突围之战
795283103	第十二章 勇气的游戏
795809119	第十三章 诅咒钱币
796010922	第十四章 血月与灰雾（上）
796098357	第十五章 血月与灰雾（下）
797427002	第十六章 造船厂
798471991	第十七章 祸星之影
798569650	第十八章 交错世界
798806991	第十九章 冤家路窄
799536186	第二十章 遗产
799727534	第二十一章 霸主
799949287	第二十二章 树生灰枝
799954262	第二十三章 追溯及往的历史
800098396	第二十四章 命运的注视
800212985	第二十五章 你所选中的钱币
800346012	第二十六章 毫无意义的同盟
800473653	第二十七章 真正的圣物
800553936	第二十八章 军方的嘉奖
800745347	第二十九章 作战会议
800813002	第三十章 旅途之中的一切
800894736	第三十一章 一个误会？
801052273	第三十二章 圣女会
801200682	第三十三章 错综复杂的局势
801334388	第三十四章 蘖生
801450844	第三十五章 一条线索
801554209	第三十六章 恐吓信
801639403	第三十七章 失踪的少女
801715803	第三十八章 灰域
801999643	第三十九章 独角兽少女的故事
802122093	第四十章 安插‘眼线’
802395325	第四十一章 刺杀
802487707	第四十二章 第一轮交锋
802570268	第四十三章 行猎计划
802652181	第四十四章 猎场
802898047	第四十五章 众星的预言者
803123192	第四十六章 末日术法
803323661	第四十七章 两位
803414049	第四十八章 布下的棋子
803509306	第四十九章 来自外界的反应
803596709	第五十章 夜莺之王的过去？
803763353	第五十一章 自然的平衡
803937842	第五十二章 偷走的东西
804067208	第五十三章 潜逃
804169380	第五十四章 幕后黑手
804363169	第五十五章 琳瑟雅·星光
804582112	第五十六章 赞助人
804853098	第五十七章 合伙
804992308	第五十八章 故人的消息
805254428	第五十九章 抵达诺瑞仙恩
805665277	第六十章 一个新团队
805959800	第六十一章 古斯灰域
806086573	第六十二章 流向
808328328	第六十三章 遭遇战
808642603	第六十四章 动机
809820262	第六十五章 分析与行动
809896459	第六十六章 筑墙
811195030	第六十七章 大计划
813110618	第六十八章 交易与许诺
815013632	第六十九章 灰海与天火
815329452	第七十章 开辟通道
815549366	第七十一章 率光
815776767	第七十二章 雏鹰展翼
816002221	第七十三章 潜伏
816076784	第七十四章 沃野新芽
816328378	第七十五章 将计就计
816477674	第七十六章 捕捉
816577230	第七十七章 大公主
816709265	第七十八章 疑云重重
816835144	第七十九章 第一代
817106494	第八十章 黑与白的骑士
817335232	第八十一章 灾祸厄流
817845393	第八十二章 返程于长夜之后
818106511	第八十三章 在旅程
818229410	第八十四章 路线
818310175	第八十五章 当那星光落下（上）
818384625	第八十六章 当那星光落下（中）
818791125	第八十七章 当那星光落下（下）
819289439	第八十八章 昔日与重逢
819793249	第八十九章 印记
820137230	第九十章 圣物的秘密
820325869	第九十一章 没关就是开了？
820847685	第九十二章 白域
821109154	第九十三章 枯萎之年的开端
821528398	第九十四章 前往圣树林的计划
822406819	第九十五章 双方的谋划
822778809	第九十六章 溯回
823074504	第九十七章 双圣域
823433473	第九十八章 说服
823938069	第九十九章 白潮来袭
824109609	第一百章 通讯恢复
824256953	第一百零一章 决意的独行者 I
824456122	第一百零二章 决意的独行者 II
824567920	第一百零三章 决意的独行者 III
824713164	第一百零四章 决意的独行者 IV
824980704	第一百零五章 决意的独行者 V
825138359	第一百零六章 决意的独行者 VI
825671961	第一百零七章 决意的独行者 VII
825752703	第一百零八章 决意的独行者 VIII
825821927	第一百零九章 令光海之上泛起涟漪 I
825890083	第一百一十章 令光海之上泛起涟漪 II
825961394	第一百一十一章 令光海之上泛起涟漪 III
826454970	第一百一十二章 令光海之上泛起涟漪 IV
826698326	第一百一十三章 令光海之上泛起涟漪 V
826821653	第一百一十四章 令光海之上泛起涟漪 VI
827101210	第一百一十五章 令光海之上泛起涟漪 VII
827173384	第一百一十六章 令光海之上泛起涟漪 VIII
828517409	第一百一十七章 三重圣殿
829274917	第一百一十八章 真正的身世
829542186	第一百一十九章 重建
829846159	第一百二十章 两条线索
830351592	第一百二十一章 圣子
830788780	第一百二十二章 徽记的故事
831177008	第一百二十三章 神秘的岛屿
831330728	第一百二十四章 过去的一年，与旅行
832367061	第一百二十五章 沃-萨拉斯提尔
832366118	第一百二十六章 疫病？
833082223	第一百二十七章 血源
833712630	第一百二十八章 穿过群岛
833861806	第一百二十九章 试验机
833960012	第一百三十章 僚舰
834050769	第一百三十一章 风暴之中的追击
834438976	第一百三十二章 捕获，与冒险
834741183	第一百三十三章 飞跃云巅
835091529	第一百三十四章 风暴之后
835670100	第一百三十五章 意外之喜
835813786	第一百三十六章 诡异的航线
837948192	第一百三十七章 龙
838111437	第一百三十八章 真面目
838528382	第一百三十九章 一位女士
838718837	第一百四十章 星光垂落之地
838858083	第一百四十一章 另一个守誓人的故事
838948668	第一百四十二章 盐骨舰队
839388231	第一百四十三章 在784年
839493454	第一百四十四章 时空乱流
839794801	第一百四十五章 精灵遗产
844546180	第一百四十六章 疑窦丛生
844816801	第一百四十七章 枢焰圣誓
844965641	第一百四十八章 第一星 I
846714789	第一百四十九章 第一星 II
846931077	第一百五十章 第一星 III
847709982	第一百五十一章 第一星 IV
847956843	第一百五十二章 第一星 V
848497227	第一百五十三章 第一星 VI
848704507	第一百五十四章 第一星 VII
853146082	第一百五十五章 第一星 VIII
854439971	第一百五十六章 第一星 IX
856044175	第一百五十七章 第一星 X
856800018	第一百五十八章 第一星 XI
857739158	第一百五十九章 第一星 XII
858391332	第一百六十章 第一星 XIII
859127538	第一百六十一章 第一星 XIV
859475435	第一百六十二章 我始终相信 I
859685793	第一百六十三章 我始终相信 II
859973009	第一百六十四章 我始终相信 III
860709166	第一百六十五章 我始终相信 IV
860807105	第一百六十六章 我始终相信 V
860876940	第一百六十七章 我始终相信 VI
861775042	第一百六十八章 我始终相信 VII
863989880	第一百六十九章 我始终相信 VIII
864637613	第一百七十章 我始终相信 IX
865141747	第一百七十一章 真相
865154316	第一百七十二章 走向未来的结局
867188400	第一百七十三章 星坠之年的开端 I
869859036	第一百七十四章 星坠之年的开端 II
870372489	第一百七十五章 星坠之年的开端 III
904155441	第一百七十六章 星坠之年的开端 IV
909947391	第一百七十七章 星坠之年的开端 V
909986024	第一百七十八章 星坠之年的开端 VI
910087223	第一百七十九章 星坠之年的开端 VII
910121373	第一百八十章 星坠之年的开端 VIII
910318421	第一百八十一章 画里画外的故事
910366208	第一百八十二章 一个构想
910487461	第一百八十三章 设计完成
910487408	第一百八十四章 影人的秘密
910696892	第一百八十五章 抵达汇合地点与新队友
910725299	第一百八十六章 全知者
910841160	第一百八十七章 报酬
910814808	第一百八十八章 众星
910940700	第一百八十九章 屠杀（上）
911000104	第一百九十章 屠杀（下）
911091832	第一百九十一章 突如其来
911188934	第一百九十二章 矮人笑话的真实性
911306875	第一百九十三章 诡异的封锁线
911337754	第一百九十四章 昔日之敌再现
911436030	第一百九十五章 伏击圈
911510107	第一百九十六章 真正的目的
911541067	第一百九十七章 一篇日志
911733255	第一百九十八章 请君入瓮
911799317	第一百九十九章 格雷文港
911854974	第二百章 意外的相遇
911907427	第二百零一章 罗真的遗产
911973167	第二百零二章 银海
912054062	第二百零三章 校长与教授
912095092	第二百零四章 大潮汐
912201198	第二百零五章 枢日
912230753	第二百零六章 第一日
912354771	第二百零七章 在海滩上战斗
912447464	第二百零八章 那些回不来的人
912617032	第二百零九章 前往要塞
912676979	第二百一十章 众星，着甲
912798844	第二百一十一章 已死的世界
912876102	第二百一十二章 他曾来过
913052539	第二百一十三章 惊变
913095923	第二百一十四章 诸界之黄昏
913176651	第二百一十五章 虚假的平静
913206986	第二百一十六章 钥匙之谜
913308042	第二百一十七章 水晶密码
913344671	第二百一十八章 殉道骑士
913449206	第二百一十九章 走向世界的影子
913491450	第二百二十章 因联系而存在
914302413	第二百二十一章 副本的边界
914461831	第二百二十二章 致昨日，致过去 I
914529562	第二百二十三章 致昨日，致过去 II
914683527	第二百二十四章 致昨日，致过去 III
914722973	第二百二十五章 致昨日，致过去 IV
914806923	第二百二十六章 致昨日，致过去 V
914807050	第二百二十七章 向明天，向未来 I
914932022	第二百二十八章 向明天，向未来 II
914990150	第二百二十九章 向明天，向未来 III
915155498	第二百三十章 向明天，向未来 IV
915194728	第二百三十一章 向明天，向未来 V
915309196	第二百三十二章 返回，不同的路
915444842	第二百三十三章 港口的建设
915476566	第二百三十四章 龙后归来
915608302	第二百三十五章 军方的情报
915664726	第二百三十六章 探索者计划与云鲸港工匠协会
915786681	第二百三十七章 伊斯塔尼亚来信
915815913	第二百三十八章 来人，送方公子上路
915905071	第二百三十九章 浮出水面的真相
915940645	第二百四十章 后继者
916029967	第二百四十一章 石像之王
916258897	第二百四十二章 如果石头开口会说话
916186828	第二百四十三章 第一位圣女
916376523	第二百四十四章 故人还是敌人
916497151	第二百四十五章 盗贼公主
916720721	第二百四十六章 复仇
916826302	第二百四十七章 血不曾言的过往
916878877	第二百四十八章 于长夜举火
917091587	第二百四十九章 剑不需要解释
917211078	第二百五十章 始于开端的风
