"B","Name","Reason","Prev"
"231","轩辕剑叁：云和山的彼端.md","plot=10138 entry=3038","PAD"
"236","黑兽帝国终焉-帝国建立.md","plot=11073 entry=1526","SRC"
"239","魔界骑士深渊大门-大门开启.md","plot=2230 entry=1592 ✗ 不过关  魔界骑士深渊大门-大门开启  [产出\批次239\魔界骑士深渊大门-大门开启.md]","SHORT"
"239","魔界骑士深渊大门-英格丽德深渊化.md","plot=1865 entry=1553 ✗ 不过关  魔界骑士深渊大门-英格丽德深渊化  [产出\批次239\魔界骑士深渊大门-英格丽德深渊化.md]","SHORT"
"239","黑兽魔王觉醒-大陆统一.md","plot=5259 entry=1566 ✗ 不过关  黑兽魔王觉醒-大陆统一  [产出\批次239\黑兽魔王觉醒-大陆统一.md]","SHORT"
"239","黑兽魔王觉醒-女神堕落.md","plot=2428 entry=1572 ✗ 不过关  黑兽魔王觉醒-女神堕落  [产出\批次239\黑兽魔王觉醒-女神堕落.md]","SHORT"
"239","黑兽魔王觉醒-沃尔特进化.md","plot=1800 entry=1563 ✗ 不过关  黑兽魔王觉醒-沃尔特进化  [产出\批次239\黑兽魔王觉醒-沃尔特进化.md]","SHORT"
"240","剑星-天使会堂.md","plot=8259 entry=1491 ✗ 不过关  剑星-天使会堂  [产出\批次240\剑星-天使会堂.md]","SHORT"
"240","闪乱神乐-阴阳师决战.md","plot=9061 entry=1607 ✗ 不过关  闪乱神乐-阴阳师决战  [产出\批次240\闪乱神乐-阴阳师决战.md]","SHORT"
"242","民俗-封神遗冢.md","plot=5362 entry=1665 ✗ 不过关  民俗-封神遗冢  [产出\批次242\民俗-封神遗冢.md]","SHORT"
"242","民俗-酆都鬼城.md","plot=3481 entry=1694 ✗ 不过关  民俗-酆都鬼城  [产出\批次242\民俗-酆都鬼城.md]","SHORT"
"242","淫妖虫母巢觉醒-女皇诞生.md","plot=4408 entry=1666 ✗ 不过关  淫妖虫母巢觉醒-女皇诞生  [产出\批次242\淫妖虫母巢觉醒-女皇诞生.md]","SHORT"
"242","淫妖虫母巢觉醒-铃音融合.md","plot=2903 entry=1658 ✗ 不过关  淫妖虫母巢觉醒-铃音融合  [产出\批次242\淫妖虫母巢觉醒-铃音融合.md]","SHORT"
"242","魔界骑士深渊大门-牺牲之门.md","plot=3282 entry=1670 ✗ 不过关  魔界骑士深渊大门-牺牲之门  [产出\批次242\魔界骑士深渊大门-牺牲之门.md]","SHORT"
"244","姫骑士诸神黄昏-神明堕落.md","plot=3479 entry=1308 ✗ 不过关  姫骑士诸神黄昏-神明堕落  [产出\批次244\姫骑士诸神黄昏-神明堕落.md]","SHORT"
"244","淫妖虫母巢觉醒-共生体.md","plot=5012 entry=1322 ✗ 不过关  淫妖虫母巢觉醒-共生体  [产出\批次244\淫妖虫母巢觉醒-共生体.md]","SHORT"
"244","淫妖虫母巢觉醒-基因进化.md","plot=3742 entry=1316 ✗ 不过关  淫妖虫母巢觉醒-基因进化  [产出\批次244\淫妖虫母巢觉醒-基因进化.md]","SHORT"
"244","淫妖虫母巢觉醒-最终选择.md","plot=3352 entry=1273 ✗ 不过关  淫妖虫母巢觉醒-最终选择  [产出\批次244\淫妖虫母巢觉醒-最终选择.md]","SHORT"
"244","淫妖虫母巢觉醒-母巢核心.md","plot=3366 entry=1276 ✗ 不过关  淫妖虫母巢觉醒-母巢核心  [产出\批次244\淫妖虫母巢觉醒-母巢核心.md]","SHORT"
"245","姫骑士诸神黄昏-信仰崩塌.md","plot=6803 entry=1616 ✗ 不过关  姫骑士诸神黄昏-信仰崩塌  [产出\批次245\姫骑士诸神黄昏-信仰崩塌.md]","SHORT"
"245","姫骑士诸神黄昏-姐妹分离.md","plot=6456 entry=1613 ✗ 不过关  姫骑士诸神黄昏-姐妹分离  [产出\批次245\姫骑士诸神黄昏-姐妹分离.md]","SHORT"
"245","姫骑士诸神黄昏-神器觉醒.md","plot=6247 entry=1609 ✗ 不过关  姫骑士诸神黄昏-神器觉醒  [产出\批次245\姫骑士诸神黄昏-神器觉醒.md]","SHORT"
"245","姫骑士诸神黄昏-神殿仪式.md","plot=6308 entry=1628 ✗ 不过关  姫骑士诸神黄昏-神殿仪式  [产出\批次245\姫骑士诸神黄昏-神殿仪式.md]","SHORT"
"245","姫骑士诸神黄昏-莉莉亚神化.md","plot=6206 entry=1628 ✗ 不过关  姫骑士诸神黄昏-莉莉亚神化  [产出\批次245\姫骑士诸神黄昏-莉莉亚神化.md]","SHORT"
"246","假面骑士真.md","plot=4810 entry=1558 ✗ 不过关  假面骑士真  [产出\批次246\假面骑士真.md]","SHORT"
"246","姫骑士诸神黄昏-弑神之战.md","plot=6147 entry=1606 ✗ 不过关  姫骑士诸神黄昏-弑神之战  [产出\批次246\姫骑士诸神黄昏-弑神之战.md]","SHORT"
"246","姫骑士诸神黄昏-新神诞生.md","plot=6078 entry=1594 ✗ 不过关  姫骑士诸神黄昏-新神诞生  [产出\批次246\姫骑士诸神黄昏-新神诞生.md]","SHORT"
"246","钢铁魔女虚空战争-安妮罗泽虚空化.md","plot=4940 entry=1555 ✗ 不过关  钢铁魔女虚空战争-安妮罗泽虚空化  [产出\批次246\钢铁魔女虚空战争-安妮罗泽虚空化.md]","SHORT"
"246","钢铁魔女虚空战争-维度裂隙.md","plot=5011 entry=1552 ✗ 不过关  钢铁魔女虚空战争-维度裂隙  [产出\批次246\钢铁魔女虚空战争-维度裂隙.md]","SHORT"
"247","钢铁魔女虚空战争-协会沦陷.md","plot=7082 entry=1334 ✗ 不过关  钢铁魔女虚空战争-协会沦陷  [产出\批次247\钢铁魔女虚空战争-协会沦陷.md]","SHORT"
"247","钢铁魔女虚空战争-最后的魔女.md","plot=6761 entry=1303 ✗ 不过关  钢铁魔女虚空战争-最后的魔女  [产出\批次247\钢铁魔女虚空战争-最后的魔女.md]","SHORT"
"247","钢铁魔女虚空战争-维度崩塌.md","plot=6917 entry=1318 ✗ 不过关  钢铁魔女虚空战争-维度崩塌  [产出\批次247\钢铁魔女虚空战争-维度崩塌.md]","SHORT"
"247","钢铁魔女虚空战争-虚空之心.md","plot=6764 entry=1342 ✗ 不过关  钢铁魔女虚空战争-虚空之心  [产出\批次247\钢铁魔女虚空战争-虚空之心.md]","SHORT"
"247","钢铁魔女虚空战争-魔女狩猎.md","plot=7304 entry=1384 ✗ 不过关  钢铁魔女虚空战争-魔女狩猎  [产出\批次247\钢铁魔女虚空战争-魔女狩猎.md]","SHORT"
"248","Ben 10：全面进化（Time War）.md","plot=6528 entry=1301 ✗ 不过关  Ben 10：全面进化（Time War）  [产出\批次248\Ben 10：全面进化（Time War）.md]","SHORT"
"248","史上最强弟子兼一：暗之最终战.md","plot=3830 entry=1000 ✗ 不过关  史上最强弟子兼一：暗之最终战  [产出\批次248\史上最强弟子兼一：暗之最终战.md]","SHORT"
"248","极道帝兵（遮天概念向）.md","plot=2926 entry=1113 ✗ 不过关  极道帝兵（遮天概念向）  [产出\批次248\极道帝兵（遮天概念向）.md]","SHORT"
"248","钢铁魔女虚空战争-新世界.md","plot=6633 entry=1307 ✗ 不过关  钢铁魔女虚空战争-新世界  [产出\批次248\钢铁魔女虚空战争-新世界.md]","SHORT"
"248","龙符（梦入神机）.md","plot=3073 entry=1197 ✗ 不过关  龙符（梦入神机）  [产出\批次248\龙符（梦入神机）.md]","SHORT"
"249","GTA 3.md","plot=6354 entry=1513 ✗ 不过关  GTA 3  [产出\批次249\GTA 3.md]","SHORT"
"249","GTA：罪恶都市.md","plot=8945 entry=1532 ✗ 不过关  GTA：罪恶都市  [产出\批次249\GTA：罪恶都市.md]","SHORT"
"251","巨乳女战士土下座催眠-全队土下座.md","plot=8208 entry=1557 ✗ 不过关  巨乳女战士土下座催眠-全队土下座  [产出\批次251\巨乳女战士土下座催眠-全队土下座.md]","SHORT"
"251","巨乳女战士土下座催眠-神官堕落.md","plot=8134 entry=1574 ✗ 不过关  巨乳女战士土下座催眠-神官堕落  [产出\批次251\巨乳女战士土下座催眠-神官堕落.md]","SHORT"
"252","姫骑士莉莉亚-主仆双堕.md","plot=6835 entry=1247 ✗ 不过关  姫骑士莉莉亚-主仆双堕  [产出\批次252\姫骑士莉莉亚-主仆双堕.md]","SHORT"
"252","姫骑士莉莉亚-侍女沦陷.md","plot=6568 entry=1246 ✗ 不过关  姫骑士莉莉亚-侍女沦陷  [产出\批次252\姫骑士莉莉亚-侍女沦陷.md]","SHORT"
"252","姫骑士莉莉亚-公主陷落.md","plot=6646 entry=1190 ✗ 不过关  姫骑士莉莉亚-公主陷落  [产出\批次252\姫骑士莉莉亚-公主陷落.md]","SHORT"
"252","姫骑士莉莉亚-妹妹堕落.md","plot=6926 entry=1440 ✗ 不过关  姫骑士莉莉亚-妹妹堕落  [产出\批次252\姫骑士莉莉亚-妹妹堕落.md]","SHORT"
"252","对魔忍雪风2-彻底陷落.md","plot=8940 entry=1633 ✗ 不过关  对魔忍雪风2-彻底陷落  [产出\批次252\对魔忍雪风2-彻底陷落.md]","SHORT"
"253","姫骑士莉莉亚-完全堕落.md","plot=7935 entry=1528 ✗ 不过关  姫骑士莉莉亚-完全堕落  [产出\批次253\姫骑士莉莉亚-完全堕落.md]","SHORT"
"253","姫骑士莉莉亚-王族血统.md","plot=8789 entry=1522 ✗ 不过关  姫骑士莉莉亚-王族血统  [产出\批次253\姫骑士莉莉亚-王族血统.md]","SHORT"
"253","淫妖虫-产卵.md","plot=6871 entry=1542 ✗ 不过关  淫妖虫-产卵  [产出\批次253\淫妖虫-产卵.md]","SHORT"
"253","淫妖虫-蝕变.md","plot=6717 entry=1530 ✗ 不过关  淫妖虫-蝕变  [产出\批次253\淫妖虫-蝕变.md]","SHORT"
"253","淫妖虫-退魔失败.md","plot=7400 entry=1570 ✗ 不过关  淫妖虫-退魔失败  [产出\批次253\淫妖虫-退魔失败.md]","SHORT"
"254","淫妖虫-姐弟共堕.md","plot=6873 entry=1582 ✗ 不过关  淫妖虫-姐弟共堕  [产出\批次254\淫妖虫-姐弟共堕.md]","SHORT"
"254","淫妖虫-完全寄生.md","plot=6703 entry=1520 ✗ 不过关  淫妖虫-完全寄生  [产出\批次254\淫妖虫-完全寄生.md]","SHORT"
"254","魔界骑士英格丽德-公开凌辱.md","plot=6787 entry=1568 ✗ 不过关  魔界骑士英格丽德-公开凌辱  [产出\批次254\魔界骑士英格丽德-公开凌辱.md]","SHORT"
"254","魔界骑士英格丽德-妹妹威胁.md","plot=6848 entry=1529 ✗ 不过关  魔界骑士英格丽德-妹妹威胁  [产出\批次254\魔界骑士英格丽德-妹妹威胁.md]","SHORT"
"254","魔界骑士英格丽德-骑士陷落.md","plot=6926 entry=1554 ✗ 不过关  魔界骑士英格丽德-骑士陷落  [产出\批次254\魔界骑士英格丽德-骑士陷落.md]","SHORT"
"257","催眠性指導-学园催眠.md","plot=5499 entry=1602 ✗ 不过关  催眠性指導-学园催眠  [产出\批次257\催眠性指導-学园催眠.md]","SHORT"
"257","史上最强弟子兼一：D of D 大赛.md","plot=7159 entry=1589 ✗ 不过关  史上最强弟子兼一：D of D 大赛  [产出\批次257\史上最强弟子兼一：D of D 大赛.md]","SHORT"
"257","巨乳公主催眠-双堕王城.md","plot=5342 entry=1583 ✗ 不过关  巨乳公主催眠-双堕王城  [产出\批次257\巨乳公主催眠-双堕王城.md]","SHORT"
"257","巨乳公主催眠-王宫阴谋.md","plot=5687 entry=1584 ✗ 不过关  巨乳公主催眠-王宫阴谋  [产出\批次257\巨乳公主催眠-王宫阴谋.md]","SHORT"
"257","巨乳公主催眠-骑士陷落.md","plot=5476 entry=1572 ✗ 不过关  巨乳公主催眠-骑士陷落  [产出\批次257\巨乳公主催眠-骑士陷落.md]","SHORT"
"258","催眠性指導-性指导课.md","plot=5248 entry=1560 ✗ 不过关  催眠性指導-性指导课  [产出\批次258\催眠性指導-性指导课.md]","SHORT"
"258","催眠性指導-校园支配.md","plot=5316 entry=1581 ✗ 不过关  催眠性指導-校园支配  [产出\批次258\催眠性指導-校园支配.md]","SHORT"
"258","催眠性指導-母女沦陷.md","plot=5367 entry=1621 ✗ 不过关  催眠性指導-母女沦陷  [产出\批次258\催眠性指導-母女沦陷.md]","SHORT"
"258","性爱成瘾-依存沉沦.md","plot=5070 entry=1575 ✗ 不过关  性爱成瘾-依存沉沦  [产出\批次258\性爱成瘾-依存沉沦.md]","SHORT"
"258","性爱成瘾-堕落处女.md","plot=5085 entry=1555 ✗ 不过关  性爱成瘾-堕落处女  [产出\批次258\性爱成瘾-堕落处女.md]","SHORT"
"259","催眠性指導2-新任女教.md","plot=8706 entry=1579 ✗ 不过关  催眠性指導2-新任女教  [产出\批次259\催眠性指導2-新任女教.md]","SHORT"
"259","催眠性指導2-泳装陷落.md","plot=8285 entry=1557 ✗ 不过关  催眠性指導2-泳装陷落  [产出\批次259\催眠性指導2-泳装陷落.md]","SHORT"
"259","性爱成瘾-眼镜淫乱.md","plot=8416 entry=1667 ✗ 不过关  性爱成瘾-眼镜淫乱  [产出\批次259\性爱成瘾-眼镜淫乱.md]","SHORT"
"259","黑暗圣经新约-新篇开启.md","plot=6871 entry=1563 ✗ 不过关  黑暗圣经新约-新篇开启  [产出\批次259\黑暗圣经新约-新篇开启.md]","SHORT"
"259","黑暗圣经新约-绚香堕落.md","plot=6146 entry=1567 ✗ 不过关  黑暗圣经新约-绚香堕落  [产出\批次259\黑暗圣经新约-绚香堕落.md]","SHORT"
"260","催眠性指導3-姐妹堕落.md","plot=8157 entry=1570 ✗ 不过关  催眠性指導3-姐妹堕落  [产出\批次260\催眠性指導3-姐妹堕落.md]","SHORT"
"260","催眠性指導3-家庭教师.md","plot=8083 entry=1571 ✗ 不过关  催眠性指導3-家庭教师  [产出\批次260\催眠性指導3-家庭教师.md]","SHORT"
"260","催眠性指導4-人妻崩坏.md","plot=8051 entry=1562 ✗ 不过关  催眠性指導4-人妻崩坏  [产出\批次260\催眠性指導4-人妻崩坏.md]","SHORT"
"260","催眠性指導4-终极宴会.md","plot=8100 entry=1583 ✗ 不过关  催眠性指導4-终极宴会  [产出\批次260\催眠性指導4-终极宴会.md]","SHORT"
"260","黑暗圣经起源-往昔悲剧.md","plot=6108 entry=1556 ✗ 不过关  黑暗圣经起源-往昔悲剧  [产出\批次260\黑暗圣经起源-往昔悲剧.md]","SHORT"
"265","剑星-地下遗迹.md","plot=6794 entry=1196 ✗ 不过关  剑星-地下遗迹  [产出\批次265\剑星-地下遗迹.md]","SHORT"
"265","受胎岛-逃脱失败.md","plot=8257 entry=1569 ✗ 不过关  受胎岛-逃脱失败  [产出\批次265\受胎岛-逃脱失败.md]","SHORT"
"265","爱嬢学园-羞耻课程.md","plot=6763 entry=1556 ✗ 不过关  爱嬢学园-羞耻课程  [产出\批次265\爱嬢学园-羞耻课程.md]","SHORT"
"265","爱嬢学园-贵族入学.md","plot=7721 entry=1555 ✗ 不过关  爱嬢学园-贵族入学  [产出\批次265\爱嬢学园-贵族入学.md]","SHORT"
"266","命运石之门-D-Mail干涉.md","plot=6342 entry=1374 ✗ 不过关  命运石之门-D-Mail干涉  [产出\批次266\命运石之门-D-Mail干涉.md]","SHORT"
"266","民俗-赶尸匠.md","plot=6726 entry=1565 ✗ 不过关  民俗-赶尸匠  [产出\批次266\民俗-赶尸匠.md]","SHORT"
"266","爱嬢学园-毕业典礼.md","plot=6524 entry=1550 ✗ 不过关  爱嬢学园-毕业典礼  [产出\批次266\爱嬢学园-毕业典礼.md]","SHORT"
"266","痴漢電車-早高峰.md","plot=6680 entry=1620 ✗ 不过关  痴漢電車-早高峰  [产出\批次266\痴漢電車-早高峰.md]","SHORT"
"266","石世界-科学王国.md","plot=6986 entry=1505 ✗ 不过关  石世界-科学王国  [产出\批次266\石世界-科学王国.md]","SHORT"
"267","民俗-冥婚夜.md","plot=5597 entry=1502 ✗ 不过关  民俗-冥婚夜  [产出\批次267\民俗-冥婚夜.md]","SHORT"
"267","痴漢電車-人妻陷落.md","plot=5491 entry=1564 ✗ 不过关  痴漢電車-人妻陷落  [产出\批次267\痴漢電車-人妻陷落.md]","SHORT"
"267","痴漢電車-女学生.md","plot=5358 entry=1579 ✗ 不过关  痴漢電車-女学生  [产出\批次267\痴漢電車-女学生.md]","SHORT"
"267","痴漢電車-集团犯罪.md","plot=5574 entry=1577 ✗ 不过关  痴漢電車-集团犯罪  [产出\批次267\痴漢電車-集团犯罪.md]","SHORT"
"267","黑暗圣经2.md","plot=6276 entry=1560 ✗ 不过关  黑暗圣经2  [产出\批次267\黑暗圣经2.md]","SHORT"
"268","Ben 10：变异危机.md","plot=5398 entry=1574 ✗ 不过关  Ben 10：变异危机  [产出\批次268\Ben 10：变异危机.md]","SHORT"
"268","凌辱学园-优等生.md","plot=5018 entry=1511 ✗ 不过关  凌辱学园-优等生  [产出\批次268\凌辱学园-优等生.md]","SHORT"
"268","凌辱学园-新生入学.md","plot=5008 entry=1500 ✗ 不过关  凌辱学园-新生入学  [产出\批次268\凌辱学园-新生入学.md]","SHORT"
"268","史上最强弟子兼一：黑暗且来.md","plot=5406 entry=1550 ✗ 不过关  史上最强弟子兼一：黑暗且来  [产出\批次268\史上最强弟子兼一：黑暗且来.md]","SHORT"
"268","黑暗圣经3.md","plot=5230 entry=1551 ✗ 不过关  黑暗圣经3  [产出\批次268\黑暗圣经3.md]","SHORT"
"269","Muv-Luv-横滨基地防线.md","plot=9066 entry=1514 ✗ 不过关  Muv-Luv-横滨基地防线  [产出\批次269\Muv-Luv-横滨基地防线.md]","SHORT"
"269","凌辱学园-反抗无效.md","plot=6950 entry=1545 ✗ 不过关  凌辱学园-反抗无效  [产出\批次269\凌辱学园-反抗无效.md]","SHORT"
"269","剑星-废土边缘.md","plot=6492 entry=1535 ✗ 不过关  剑星-废土边缘  [产出\批次269\剑星-废土边缘.md]","SHORT"
"269","命运石之门-秋叶原潜入.md","plot=6561 entry=1528 ✗ 不过关  命运石之门-秋叶原潜入  [产出\批次269\命运石之门-秋叶原潜入.md]","SHORT"
"269","闪乱神乐-飞蛇入学篇.md","plot=6276 entry=1534 ✗ 不过关  闪乱神乐-飞蛇入学篇  [产出\批次269\闪乱神乐-飞蛇入学篇.md]","SHORT"
"272","Summer Pockets REFLECTION BLUE.md","plot=4810 entry=1888 ✗ 不过关  Summer Pockets REFLECTION BLUE  [产出\批次272\Summer Pockets REFLECTION BLUE.md]","SHORT"
"272","Summer Pockets.md","plot=3452 entry=1686 ✗ 不过关  Summer Pockets  [产出\批次272\Summer Pockets.md]","SHORT"
"272","星之梦 (Planetarian).md","plot=3942 entry=1923 ✗ 不过关  星之梦 (Planetarian)  [产出\批次272\星之梦 (Planetarian).md]","SHORT"
"273","ATRI -My Dear Moments-.md","plot=3489 entry=1802 ✗ 不过关  ATRI -My Dear Moments-  [产出\批次273\ATRI -My Dear Moments-.md]","SHORT"
"273","One ~辉之季节~.md","plot=3125 entry=1748 ✗ 不过关  One ~辉之季节~  [产出\批次273\One ~辉之季节~.md]","SHORT"
"273","交响乐之雨.md","plot=2677 entry=1761 ✗ 不过关  交响乐之雨  [产出\批次273\交响乐之雨.md]","SHORT"
"273","水仙 (Narcissu).md","plot=2814 entry=1778 ✗ 不过关  水仙 (Narcissu)  [产出\批次273\水仙 (Narcissu).md]","SHORT"
"273","水月 (Suigetsu).md","plot=2749 entry=1787 ✗ 不过关  水月 (Suigetsu)  [产出\批次273\水月 (Suigetsu).md]","SHORT"
"278","寒蝉鸣泣之时－ 皆杀篇.md","plot=3647 entry=480 ✗ 不过关  寒蝉鸣泣之时: 皆杀篇  [产出\批次278\寒蝉鸣泣之时－ 皆杀篇.md]","SHORT"
"278","寒蝉鸣泣之时－ 祭林篇.md","plot=3763 entry=505 ✗ 不过关  寒蝉鸣泣之时: 祭林篇  [产出\批次278\寒蝉鸣泣之时－ 祭林篇.md]","SHORT"
"278","寒蝉鸣泣之时－ 罪灭篇.md","plot=4537 entry=534 ✗ 不过关  寒蝉鸣泣之时: 罪灭篇  [产出\批次278\寒蝉鸣泣之时－ 罪灭篇.md]","SHORT"
"278","海猫鸣泣之时 (Ep1-4).md","plot=3798 entry=497 ✗ 不过关  海猫鸣泣之时 (Ep1-4)  [产出\批次278\海猫鸣泣之时 (Ep1-4).md]","SHORT"
"278","海猫鸣泣之时散 (Ep5-8).md","plot=3522 entry=479 ✗ 不过关  海猫鸣泣之时散 (Ep5-8)  [产出\批次278\海猫鸣泣之时散 (Ep5-8).md]","SHORT"
"279","Cross†Channel.md","plot=3376 entry=465 ✗ 不过关  Cross†Channel  [产出\批次279\Cross†Channel.md]","SHORT"
"279","樱之诗 (Sakura no Uta).md","plot=3318 entry=446 ✗ 不过关  樱之诗 (Sakura no Uta)  [产出\批次279\樱之诗 (Sakura no Uta).md]","SHORT"
"279","沙耶之歌.md","plot=3330 entry=449 ✗ 不过关  沙耶之歌  [产出\批次279\沙耶之歌.md]","SHORT"
"279","美好的每一天 (Subahibi).md","plot=3544 entry=449 ✗ 不过关  美好的每一天 (Subahibi)  [产出\批次279\美好的每一天 (Subahibi).md]","SHORT"
"279","装甲恶鬼村正.md","plot=3651 entry=484 ✗ 不过关  装甲恶鬼村正  [产出\批次279\装甲恶鬼村正.md]","SHORT"
"284","传颂之物－ 给逝者的摇篮曲.md","plot=6264 entry=604 ✗ 不过关  传颂之物: 给逝者的摇篮曲  [产出\批次284\传颂之物－ 给逝者的摇篮曲.md]","SHORT"
"284","传颂之物－ 虚伪的假面.md","plot=6202 entry=589 ✗ 不过关  传颂之物: 虚伪的假面  [产出\批次284\传颂之物－ 虚伪的假面.md]","SHORT"
"284","灰色的乐园.md","plot=6260 entry=742 ✗ 不过关  灰色的乐园  [产出\批次284\灰色的乐园.md]","SHORT"
"284","白色相簿2－ Closing Chapter (终章－Coda).md","plot=6277 entry=778 ✗ 不过关  白色相簿2: Closing Chapter (终章/Coda)  [产出\批次284\白色相簿2－ Closing Chapter (终章－Coda).md]","SHORT"
"284","白色相簿2－ Introductory Chapter (序章).md","plot=6277 entry=904 ✗ 不过关  白色相簿2: Introductory Chapter (序章)  [产出\批次284\白色相簿2－ Introductory Chapter (序章).md]","SHORT"
"285","Muv-Luv (Extra & Unlimited).md","plot=6260 entry=588 ✗ 不过关  Muv-Luv (Extra & Unlimited)  [产出\批次285\Muv-Luv (Extra & Unlimited).md]","SHORT"
"285","Muv-Luv Alternative.md","plot=6218 entry=555 ✗ 不过关  Muv-Luv Alternative  [产出\批次285\Muv-Luv Alternative.md]","SHORT"
"285","To Heart 2.md","plot=6202 entry=624 ✗ 不过关  To Heart 2  [产出\批次285\To Heart 2.md]","SHORT"
"285","传颂之物－ 二人的白皇.md","plot=6222 entry=545 ✗ 不过关  传颂之物: 二人的白皇  [产出\批次285\传颂之物－ 二人的白皇.md]","SHORT"
"285","痕 (Kizuato).md","plot=6267 entry=565 ✗ 不过关  痕 (Kizuato)  [产出\批次285\痕 (Kizuato).md]","SHORT"
"286","初音岛II (D.C. II).md","plot=3740 entry=1727 ✗ 不过关  初音岛II (D.C. II)  [产出\批次286\初音岛II (D.C. II).md]","SHORT"
"286","初音岛III (D.C. III).md","plot=3972 entry=1828 ✗ 不过关  初音岛III (D.C. III)  [产出\批次286\初音岛III (D.C. III).md]","SHORT"
"286","千恋＊万花.md","plot=3930 entry=1852 ✗ 不过关  千恋＊万花  [产出\批次286\千恋＊万花.md]","SHORT"
"286","魔女的夜宴 (Sanoba Witch).md","plot=4123 entry=1924 ✗ 不过关  魔女的夜宴 (Sanoba Witch)  [产出\批次286\魔女的夜宴 (Sanoba Witch).md]","SHORT"
"287","DRACU-RIOT!.md","plot=3768 entry=1711 ✗ 不过关  DRACU-RIOT!  [产出\批次287\DRACU-RIOT!.md]","SHORT"
"287","Parquet.md","plot=3582 entry=1640 ✗ 不过关  Parquet  [产出\批次287\Parquet.md]","SHORT"
"287","RIDDLE JOKER.md","plot=3780 entry=1699 ✗ 不过关  RIDDLE JOKER  [产出\批次287\RIDDLE JOKER.md]","SHORT"
"287","名流得主 (Noble Works).md","plot=3631 entry=1733 ✗ 不过关  名流得主 (Noble Works)  [产出\批次287\名流得主 (Noble Works).md]","SHORT"
"287","天使嚣嚣 (Tenshi Souzou Re-Boot!).md","plot=3537 entry=1685 ✗ 不过关  天使嚣嚣 (Tenshi Souzou Re-Boot!)  [产出\批次287\天使嚣嚣 (Tenshi Souzou Re-Boot!).md]","SHORT"
"288","Fortune Arterial.md","plot=3814 entry=1611 ✗ 不过关  Fortune Arterial  [产出\批次288\Fortune Arterial.md]","SHORT"
"288","兰斯01－ 寻找小光 (重制版).md","plot=3304 entry=1611 ✗ 不过关  兰斯01: 寻找小光 (重制版)  [产出\批次288\兰斯01－ 寻找小光 (重制版).md]","SHORT"
"288","夜明前的琉璃色.md","plot=3764 entry=1604 ✗ 不过关  夜明前的琉璃色  [产出\批次288\夜明前的琉璃色.md]","SHORT"
"288","大图书馆的牧羊人.md","plot=5037 entry=1753 ✗ 不过关  大图书馆的牧羊人  [产出\批次288\大图书馆的牧羊人.md]","SHORT"
"288","秽翼的尤斯蒂娅.md","plot=3877 entry=1619 ✗ 不过关  秽翼的尤斯蒂娅  [产出\批次288\秽翼的尤斯蒂娅.md]","SHORT"
"289","兰斯02－ 反叛的少女们 (重制版).md","plot=2859 entry=1623 ✗ 不过关  兰斯02: 反叛的少女们 (重制版)  [产出\批次289\兰斯02－ 反叛的少女们 (重制版).md]","SHORT"
"289","兰斯03－ 利萨斯陷落 (重制版).md","plot=2887 entry=1607 ✗ 不过关  兰斯03: 利萨斯陷落 (重制版)  [产出\批次289\兰斯03－ 利萨斯陷落 (重制版).md]","SHORT"
"289","兰斯5D－ 孤独的少女.md","plot=2635 entry=1608 ✗ 不过关  兰斯5D: 孤独的少女  [产出\批次289\兰斯5D－ 孤独的少女.md]","SHORT"
"289","兰斯IV － 4.1 － 4.2.md","plot=2774 entry=1603 ✗ 不过关  兰斯IV / 4.1 / 4.2  [产出\批次289\兰斯IV － 4.1 － 4.2.md]","SHORT"
"289","兰斯VI－ 赛斯崩坏.md","plot=2711 entry=1618 ✗ 不过关  兰斯VI: 赛斯崩坏  [产出\批次289\兰斯VI－ 赛斯崩坏.md]","SHORT"
"290","兰斯10－ 决战.md","plot=1650 entry=1619 ✗ 不过关  兰斯10: 决战  [产出\批次290\兰斯10－ 决战.md]","SHORT"
"290","兰斯7－ 战国兰斯.md","plot=3334 entry=1619 ✗ 不过关  兰斯7: 战国兰斯  [产出\批次290\兰斯7－ 战国兰斯.md]","SHORT"
"290","兰斯8－ Rance Quest.md","plot=2317 entry=1639 ✗ 不过关  兰斯8: Rance Quest  [产出\批次290\兰斯8－ Rance Quest.md]","SHORT"
"290","兰斯9－ 赫尔曼革命.md","plot=1951 entry=1600 ✗ 不过关  兰斯9: 赫尔曼革命  [产出\批次290\兰斯9－ 赫尔曼革命.md]","SHORT"
"290","缘之空 (Yosuga no Sora).md","plot=2025 entry=1618 ✗ 不过关  缘之空 (Yosuga no Sora)  [产出\批次290\缘之空 (Yosuga no Sora).md]","SHORT"
"291","妹之形.md","plot=1446 entry=1650 ✗ 不过关  妹之形  [产出\批次291\妹之形.md]","SHORT"
"291","妹的圣域.md","plot=2810 entry=1600 ✗ 不过关  妹的圣域  [产出\批次291\妹的圣域.md]","SHORT"
"291","学校圣域.md","plot=2234 entry=1662 ✗ 不过关  学校圣域  [产出\批次291\学校圣域.md]","SHORT"
"291","悠之空 (Haruka na Sora).md","plot=1431 entry=1668 ✗ 不过关  悠之空 (Haruka na Sora)  [产出\批次291\悠之空 (Haruka na Sora).md]","SHORT"
"291","茜色圣域.md","plot=2212 entry=1604 ✗ 不过关  茜色圣域  [产出\批次291\茜色圣域.md]","SHORT"
"293","妹天堂! 1.md","plot=5100 entry=1554 ✗ 不过关  妹天堂! 1  [产出\批次293\妹天堂! 1.md]","SHORT"
"293","妹天堂! 2.md","plot=4944 entry=1569 ✗ 不过关  妹天堂! 2  [产出\批次293\妹天堂! 2.md]","SHORT"
"293","妹天堂! 3.md","plot=4880 entry=1555 ✗ 不过关  妹天堂! 3  [产出\批次293\妹天堂! 3.md]","SHORT"
"293","姐姐，要好好做哦！ 1.md","plot=5251 entry=1565 ✗ 不过关  姐姐，要好好做哦！ 1  [产出\批次293\姐姐，要好好做哦！ 1.md]","SHORT"
"298","高加索之南 (Caucasus).md","plot=2713 entry=1668 ✗ 不过关  高加索之南 (Caucasus)  [产出\批次298\高加索之南 (Caucasus).md]","SHORT"
"299","9-nine- 天色天歌天籁音.md","plot=5263 entry=1365 ✗ 不过关  9-nine- 天色天歌天籁音  [产出\批次299\9-nine- 天色天歌天籁音.md]","SHORT"
"299","9-nine- 春色春恋春熙风.md","plot=5262 entry=1280 ✗ 不过关  9-nine- 春色春恋春熙风  [产出\批次299\9-nine- 春色春恋春熙风.md]","SHORT"
"299","MakingLovers.md","plot=4701 entry=1606 ✗ 不过关  MakingLovers  [产出\批次299\MakingLovers.md]","SHORT"
