"B","Name","Chars","Fine"
"214","假面骑士555.md","12909","17"
"214","假面骑士剑（Blade）.md","13156","17"
"214","妮姬（NIKKE）.md","13429","17"
"214","海虎.md","13129","17"
"218","假面骑士Ex-Aid.md","13014","17"
"218","假面骑士Ghost.md","12979","17"
"218","异种族风俗娘评鉴指南.md","13138","17"
"218","终末的后宫.md","12848","17"
"219","Angel Beats!（动画）.md","12268","17"
"219","假面骑士Zero-One.md","13084","17"
"219","彼得格里尔的贤者时间.md","13138","17"
"219","零之使魔.md","12790","17"
"220","刀剑乱舞.md","12790","17"
"220","最后的起源（Last Origin）.md","13798","17"
"220","棕色尘埃（Brown Dust）.md","13702","17"
"222","机巧少女不会受伤.md","13040","17"
"222","装甲骑女伊莉丝-堕落魔将.md","12284","17"
"222","装甲骑女伊莉丝-姐妹侍奉.md","12284","17"
"222","黑兽-公主凌辱.md","12084","17"
"222","黑兽-圣女沦陷.md","12084","17"
"223","黑兽-佣兵堕落.md","12132","17"
"223","黑兽-侍从双堕.md","12132","17"
"223","黑兽-圣骑士长陷落.md","12190","17"
"223","黑兽-表妹堕落.md","12084","17"
"223","黑兽-黑暗女王屈服.md","12190","17"
"224","鬼泣.md","12271","18"
"224","黑兽-七公主宴.md","12132","17"
"224","黑兽-半精灵陷落.md","12183","17"
"224","黑兽-巫女凌辱.md","12132","17"
"224","黑兽2-都城再陷.md","12159","17"
"225","对魔忍阿莎姬-姐妹双堕.md","12233","17"
"225","对魔忍阿莎姬-最强陷落.md","12233","17"
"225","对魔忍阿莎姬-洗脑改造.md","12233","17"
"225","绯弹的亚里亚.md","12046","17"
"225","黑兽2-世代轮回.md","12159","17"
"226","对魔忍紫-三代同堕.md","12234","17"
"226","对魔忍阿莎姬-竞技场.md","12285","17"
"226","对魔忍阿莎姬2-再次沦陷.md","12325","17"
"226","对魔忍阿莎姬3-完全堕落.md","12325","17"
"226","约会大作战V（如按动画续作口径）.md","12552","17"
"227","虚构推理（动画）.md","12152","17"
"227","虚构推理（漫画）.md","12152","17"
"227","钢铁魔女安妮罗泽-堕落魔女.md","12335","17"
"227","钢铁魔女安妮罗泽-触手侵袭.md","12335","17"
"227","钢铁魔女安妮罗泽-魔女陷落.md","12335","17"
"228","Muv-Luv-原初巢穴突入.md","12218","17"
"228","丽可莉丝（Lycoris Recoil）.md","12432","17"
"228","剑星-克西翁巢穴.md","12183","17"
"228","我有一座冒险屋（漫画－改编）.md","12452","17"
"228","闪乱神乐-妖魔复苏.md","12234","17"
"229","命运石之门-SERN追击.md","12188","17"
"229","地狱公寓（小说）.md","12152","17"
"229","惊悚乐园（游戏化副本口径）.md","12417","17"
"229","石世界-石化装置.md","12183","17"
"229","远星号（Starsector）.md","12315","17"
"230","Ben 10：终极异形（Ultimate Alien）.md","12154","16"
"230","午夜凶铃（小说环界版）.md","12351","17"
"230","史上最强弟子兼一：达人激突.md","12359","17"
"230","民俗-百鬼夜市.md","12132","17"
"230","民俗-黄泉接引.md","12132","17"
"231","神界：原罪（Divinity－ Original Sin）.md","12298","16"
"231","轩辕剑.md","13189","17"
"231","轩辕剑叁：云和山的彼端.md","13669","17"
"231","轩辕剑外传：枫之舞.md","13549","17"
"231","轩辕剑贰.md","13249","17"
"232","天国：拯救.md","11993","17"
"232","轩辕剑伍：一剑凌云山海情.md","13729","17"
"232","轩辕剑叁外传：天之痕.md","13609","17"
"232","轩辕剑外传：苍之涛.md","13549","17"
"232","轩辕剑肆：黑龙舞兮云飞扬.md","13729","17"
"233","轩辕剑外传：云之遥.md","13549","17"
"233","轩辕剑外传：汉之云.md","13549","17"
"233","轩辕剑外传：穹之扉.md","13549","17"
"233","轩辕剑柒.md","13249","17"
"233","轩辕剑陆：凤凌长空千载云.md","13729","17"
"234","対魔忍深渊侵蚀-三代祭品.md","12378","17"
"234","対魔忍深渊侵蚀-姐妹共堕.md","12378","17"
"234","対魔忍深渊侵蚀-裂隙开启.md","12378","17"
"234","対魔忍深渊侵蚀-阿莎姬深渊化.md","12480","17"
"234","対魔忍深渊侵蚀-雪风先驱.md","12378","17"
"235","対魔忍深渊侵蚀-东京陷落.md","12378","17"
"235","対魔忍深渊侵蚀-反抗军.md","12327","17"
"235","対魔忍深渊侵蚀-学园沦陷.md","12378","17"
"235","対魔忍深渊侵蚀-布拉克融合.md","12429","17"
"235","対魔忍深渊侵蚀-最终仪式.md","12378","17"
"236","対魔忍RPG-五车学园.md","12254","17"
"236","対魔忍RPG-最终决战.md","12254","17"
"236","対魔忍RPG-深渊入侵.md","12254","17"
"236","黑兽帝国终焉-帝国建立.md","12327","17"
"236","黑兽帝国终焉-神格降临.md","12327","17"
"237","対魔忍RPG-对魔忍全堕.md","12305","17"
"237","黑兽帝国终焉-公主军团.md","12327","17"
"237","黑兽帝国终焉-女神苏醒.md","12327","17"
"237","黑兽帝国终焉-阿丽西亚觉醒.md","12429","17"
"237","黑暗圣经深渊篇-完全降临.md","12377","17"
"238","黑兽帝国终焉-世代繁衍.md","12327","17"
"238","黑兽帝国终焉-最终决战.md","12327","17"
"238","黑兽帝国终焉-诸神黄昏.md","12327","17"
"238","黑暗圣经深渊篇-城市沦陷.md","12377","17"
"238","黑暗圣经深渊篇-封印仪式.md","12377","17"
"239","魔界骑士深渊大门-大门开启.md","12429","17"
"239","魔界骑士深渊大门-英格丽德深渊化.md","12582","17"
"239","黑兽魔王觉醒-大陆统一.md","12326","17"
"239","黑兽魔王觉醒-女神堕落.md","12326","17"
"239","黑兽魔王觉醒-沃尔特进化.md","12377","17"
"240","剑星-天使会堂.md","12122","17"
"240","闪乱神乐-阴阳师决战.md","12275","17"
"240","魔界骑士深渊大门-人界危机.md","12429","17"
"240","魔界骑士深渊大门-妹妹陷落.md","12429","17"
"240","魔界骑士深渊大门-魔界沦陷.md","12429","17"
"241","Muv-Luv-Alternative计划.md","12301","17"
"241","命运石之门-Steins Gate.md","12350","17"
"241","石世界-WHY-MAN.md","12158","17"
"241","魔界骑士深渊大门-最终防线.md","12429","17"
"241","魔界骑士深渊大门-骑士挣扎.md","12429","17"
"242","民俗-封神遗冢.md","12122","17"
"242","民俗-酆都鬼城.md","12122","17"
"242","淫妖虫母巢觉醒-女皇诞生.md","12378","17"
"242","淫妖虫母巢觉醒-铃音融合.md","12378","17"
"242","魔界骑士深渊大门-牺牲之门.md","12429","17"
"243","Ben 10：大刚降临（Diagon Arc）.md","12439","17"
"243","假面骑士（总览）.md","12152","17"
"243","史上最强弟子兼一：久远的落日.md","12503","17"
"243","淫妖虫母巢觉醒-城市感染.md","12378","17"
"243","淫妖虫母巢觉醒-退魔师全灭.md","12429","17"
"244","姫骑士诸神黄昏-神明堕落.md","12378","17"
"244","淫妖虫母巢觉醒-共生体.md","12327","17"
"244","淫妖虫母巢觉醒-基因进化.md","12378","17"
"244","淫妖虫母巢觉醒-最终选择.md","12378","17"
"244","淫妖虫母巢觉醒-母巢核心.md","12378","17"
"245","姫骑士诸神黄昏-信仰崩塌.md","12378","17"
"245","姫骑士诸神黄昏-姐妹分离.md","12378","17"
"245","姫骑士诸神黄昏-神器觉醒.md","12378","17"
"245","姫骑士诸神黄昏-神殿仪式.md","12378","17"
"245","姫骑士诸神黄昏-莉莉亚神化.md","12429","17"
"246","假面骑士真.md","11993","17"
"246","姫骑士诸神黄昏-弑神之战.md","12378","17"
"246","姫骑士诸神黄昏-新神诞生.md","12378","17"
"246","钢铁魔女虚空战争-安妮罗泽虚空化.md","12582","17"
"246","钢铁魔女虚空战争-维度裂隙.md","12429","17"
"247","钢铁魔女虚空战争-协会沦陷.md","12429","17"
"247","钢铁魔女虚空战争-最后的魔女.md","12480","17"
"247","钢铁魔女虚空战争-维度崩塌.md","12429","17"
"247","钢铁魔女虚空战争-虚空之心.md","12429","17"
"247","钢铁魔女虚空战争-魔女狩猎.md","12429","17"
"248","Ben 10：全面进化（Time War）.md","12489","17"
"248","史上最强弟子兼一：暗之最终战.md","12504","17"
"248","极道帝兵（遮天概念向）.md","12311","17"
"248","钢铁魔女虚空战争-新世界.md","12378","17"
"248","龙符（梦入神机）.md","12152","17"
"249","GTA 3.md","11902","17"
"249","GTA：圣安地列斯.md","12192","17"
"249","GTA：罪恶都市.md","12137","17"
"249","生化危机1：变种生还.md","12276","17"
"249","生化危机2：启示录.md","12225","17"
"250","GTA 4.md","11902","17"
"250","GTA 5.md","11902","17"
"250","对魔忍（系列通用）.md","12248","17"
"250","巨乳女战士土下座催眠-勇者羞辱.md","12498","17"
"250","巨乳女战士土下座催眠-魔法师沦陷.md","12551","17"
"251","对魔忍雪风-同伴双堕.md","12233","17"
"251","对魔忍雪风-新人堕落.md","12233","17"
"251","对魔忍雪风-母女再会.md","12233","17"
"251","巨乳女战士土下座催眠-全队土下座.md","12551","17"
"251","巨乳女战士土下座催眠-神官堕落.md","12498","17"
"252","姫骑士莉莉亚-主仆双堕.md","12326","17"
"252","姫骑士莉莉亚-侍女沦陷.md","12326","17"
"252","姫骑士莉莉亚-公主陷落.md","12326","17"
"252","姫骑士莉莉亚-妹妹堕落.md","12326","17"
"252","对魔忍雪风2-彻底陷落.md","12302","17"
"253","姫骑士莉莉亚-完全堕落.md","12326","17"
"253","姫骑士莉莉亚-王族血统.md","12326","17"
"253","淫妖虫-产卵.md","12071","17"
"253","淫妖虫-蝕变.md","12071","17"
"253","淫妖虫-退魔失败.md","12173","17"
"254","淫妖虫-姐弟共堕.md","12173","17"
"254","淫妖虫-完全寄生.md","12173","17"
"254","魔界骑士英格丽德-公开凌辱.md","12428","17"
"254","魔界骑士英格丽德-妹妹威胁.md","12428","17"
"254","魔界骑士英格丽德-骑士陷落.md","12428","17"
"255","Muv-Luv-佐渡岛决战.md","12260","17"
"255","剑星-第7空间站.md","12149","17"
"255","闪乱神乐-红莲队激突.md","12275","17"
"255","魔界骑士英格丽德-姐妹相认.md","12428","17"
"255","魔界骑士英格丽德-完全堕落.md","12428","17"
"256","Ben 10：外星英雄（Alien Force）.md","12466","17"
"256","命运石之门-世界线收束.md","12326","17"
"256","民俗-血祭傩戏.md","12122","17"
"256","民俗-阴阳镇.md","12071","17"
"256","石世界-司帝国冲突.md","12224","17"
"257","催眠性指導-学园催眠.md","12276","17"
"257","史上最强弟子兼一：D of D 大赛.md","12485","17"
"257","巨乳公主催眠-双堕王城.md","12326","17"
"257","巨乳公主催眠-王宫阴谋.md","12326","17"
"257","巨乳公主催眠-骑士陷落.md","12326","17"
"258","催眠性指導-性指导课.md","12276","17"
"258","催眠性指導-校园支配.md","12276","17"
"258","催眠性指導-母女沦陷.md","12276","17"
"258","性爱成瘾-依存沉沦.md","12181","17"
"258","性爱成瘾-堕落处女.md","12181","17"
"259","催眠性指導2-新任女教.md","12303","17"
"259","催眠性指導2-泳装陷落.md","12303","17"
"259","性爱成瘾-眼镜淫乱.md","12181","17"
"259","黑暗圣经新约-新篇开启.md","12326","17"
"259","黑暗圣经新约-绚香堕落.md","12326","17"
"260","催眠性指導3-姐妹堕落.md","12303","17"
"260","催眠性指導3-家庭教师.md","12303","17"
"260","催眠性指導4-人妻崩坏.md","12303","17"
"260","催眠性指導4-终极宴会.md","12303","17"
"260","黑暗圣经起源-往昔悲剧.md","12326","17"
"261","欲望回帰-便利店调教.md","12276","17"
"261","欲望回帰-同学沦落.md","12225","17"
"261","欲望回帰-城市游乐场.md","12276","17"
"261","欲望回帰-魔性下载.md","12225","17"
"261","监狱战舰-女军官被俘.md","12275","17"
"262","夜勤病栋-医院深处.md","12225","17"
"262","夜勤病栋-护士长沦陷.md","12276","17"
"262","夜勤病栋-护士陷落.md","12225","17"
"262","监狱战舰-公开调教.md","12224","17"
"262","监狱战舰-完全服从.md","12224","17"
"263","夜勤病栋-实验体.md","12174","17"
"263","夜勤病栋-白衣天使.md","12225","17"
"263","奴隶区-SCM对决.md","12153","17"
"263","监狱战舰2-新的猎物.md","12251","17"
"263","监狱战舰3-母船沦陷.md","12251","17"
"264","受胎岛-原住民.md","12122","17"
"264","受胎岛-漂流.md","12071","17"
"264","受胎岛-繁殖.md","12071","17"
"264","奴隶区-尊严剥夺.md","12174","17"
"264","奴隶区-链式统治.md","12174","17"
"265","剑星-地下遗迹.md","12122","17"
"265","受胎岛-逃脱失败.md","12173","17"
"265","奴隶区-完全服从.md","12174","17"
"265","爱嬢学园-羞耻课程.md","12225","17"
"265","爱嬢学园-贵族入学.md","12225","17"
"266","命运石之门-D-Mail干涉.md","12335","17"
"266","民俗-赶尸匠.md","12071","17"
"266","爱嬢学园-毕业典礼.md","12225","17"
"266","痴漢電車-早高峰.md","12174","17"
"266","石世界-科学王国.md","12173","17"
"267","民俗-冥婚夜.md","12071","17"
"267","痴漢電車-人妻陷落.md","12225","17"
"267","痴漢電車-女学生.md","12174","17"
"267","痴漢電車-集团犯罪.md","12225","17"
"267","黑暗圣经2.md","12020","17"
"268","Ben 10：变异危机.md","12188","17"
"268","凌辱学园-优等生.md","12174","17"
"268","凌辱学园-新生入学.md","12225","17"
"268","史上最强弟子兼一：黑暗且来.md","12452","17"
"268","黑暗圣经3.md","12020","17"
"269","Muv-Luv-横滨基地防线.md","12312","17"
"269","凌辱学园-反抗无效.md","12225","17"
"269","剑星-废土边缘.md","12123","17"
"269","命运石之门-秋叶原潜入.md","12327","17"
"269","闪乱神乐-飞蛇入学篇.md","12276","17"
"270","CLANNAD.md","11987","17"
"270","CLANNAD－ Side Stories (光见守的坡道).md","12195","16"
"270","Kanon (雪之少女).md","12200","17"
"270","智代后记 (Tomoyo After－ It's a Wonderful Life).md","12408","16"
"270","石世界-觉醒黎明.md","12174","17"
"271","AIR (鸟之诗).md","12095","17"
"271","Kud Wafter.md","12050","17"
"271","Little Busters! Ecstasy (EX).md","11993","16"
"271","Little Busters!.md","12185","17"
"271","Rewrite.md","11987","17"
"272","Angel Beats! -1st beat-.md","12261","17"
"272","Rewrite Harvest festa!.md","12252","17"
"272","Summer Pockets REFLECTION BLUE.md","12045","16"
"272","Summer Pockets.md","12158","17"
"272","星之梦 (Planetarian).md","12207","17"
"273","ATRI -My Dear Moments-.md","12234","17"
"273","One ~辉之季节~.md","12146","17"
"273","交响乐之雨.md","12053","17"
"273","水仙 (Narcissu).md","12179","17"
"273","水月 (Suigetsu).md","12179","17"
"274","Fate－hollow ataraxia.md","12222","17"
"274","Fate－stay night.md","12191","17"
"274","月姬 (Tsukihime Original).md","12327","17"
"274","月姬 -A piece of blue glass moon- (重制版).md","12279","16"
"274","魔法使之夜.md","12053","17"
"275","Chaos;Child.md","12101","17"
"275","Chaos;Head Noah.md","12191","17"
"275","命运石之门 (Steins;Gate).md","12315","17"
"275","命运石之门0 (Steins;Gate 0).md","12378","17"
"275","命运石之门－ 比翼恋理的爱人.md","12452","17"
"276","Ever17 -The Out of Infinity-.md","11976","16"
"276","Never7 -The End of Infinity-.md","11976","16"
"276","Remember11 -The Age of Infinity-.md","12080","16"
"276","Robotics;Notes.md","12182","17"
"276","YU-NO 在这世界尽头咏唱爱的少女.md","12450","17"
"277","寒蝉鸣泣之时－ 暇溃篇.md","12299","17"
"277","寒蝉鸣泣之时－ 目明篇.md","12299","17"
"277","寒蝉鸣泣之时－ 祟杀篇.md","12299","17"
"277","寒蝉鸣泣之时－ 绵流篇.md","12299","17"
"277","寒蝉鸣泣之时－ 鬼隐篇.md","12299","17"
"278","寒蝉鸣泣之时－ 皆杀篇.md","12299","17"
"278","寒蝉鸣泣之时－ 祭林篇.md","12299","17"
"278","寒蝉鸣泣之时－ 罪灭篇.md","12299","17"
"278","海猫鸣泣之时 (Ep1-4).md","12302","17"
"278","海猫鸣泣之时散 (Ep5-8).md","12353","17"
"279","Cross†Channel.md","12173","17"
"279","樱之诗 (Sakura no Uta).md","12225","17"
"279","沙耶之歌.md","12002","17"
"279","美好的每一天 (Subahibi).md","12279","17"
"279","装甲恶鬼村正.md","12104","17"
"280","G线上的魔王.md","12080","17"
"280","天鹅之歌 (Swan Song).md","12290","17"
"280","樱之刻 (Sakura no Toki).md","12252","17"
"280","纸上的魔法使.md","12104","17"
"280","车轮之国，向日葵的少女.md","12359","17"
"281","Dies irae.md","12023","17"
"281","Doki Doki Literature Club! (DDLC).md","12106","16"
"281","君与她与她的恋爱 (Totono).md","12327","17"
"281","海市蜃楼之馆.md","12104","17"
"281","腐姬.md","12280","18"
"282","Dark Blue.md","12023","17"
"282","ROOT DOUBLE.md","12077","17"
"282","人狼村之谜 (Raging Loop).md","12291","17"
"282","梦见之药.md","12002","17"
"282","监禁.md","12280","18"
"283","Euphoria.md","12014","17"
"283","拔作岛1.md","11978","17"
"283","拔作岛2.md","11978","17"
"283","灰色的果实.md","12053","17"
"283","灰色的迷宫.md","12053","17"
"284","传颂之物－ 给逝者的摇篮曲.md","12401","17"
"284","传颂之物－ 虚伪的假面.md","12299","17"
"284","灰色的乐园.md","12053","17"
"284","白色相簿2－ Closing Chapter (终章－Coda).md","12253","16"
"284","白色相簿2－ Introductory Chapter (序章).md","12247","16"
"285","Muv-Luv (Extra & Unlimited).md","11973","16"
"285","Muv-Luv Alternative.md","12189","17"
"285","To Heart 2.md","12032","17"
"285","传颂之物－ 二人的白皇.md","12299","17"
"285","痕 (Kizuato).md","12101","17"
"286","SHUFFLE!.md","12014","17"
"286","初音岛II (D.C. II).md","12239","17"
"286","初音岛III (D.C. III).md","12189","17"
"286","千恋＊万花.md","12053","17"
"286","魔女的夜宴 (Sanoba Witch).md","12318","17"
"287","DRACU-RIOT!.md","12095","17"
"287","Parquet.md","11987","17"
"287","RIDDLE JOKER.md","12104","17"
"287","名流得主 (Noble Works).md","12240","17"
"287","天使嚣嚣 (Tenshi Souzou Re-Boot!).md","12115","16"
"288","Fortune Arterial.md","12108","17"
"288","兰斯01－ 寻找小光 (重制版).md","12416","17"
"288","夜明前的琉璃色.md","12155","17"
"288","大图书馆的牧羊人.md","12206","17"
"288","秽翼的尤斯蒂娅.md","12155","17"
"289","兰斯02－ 反叛的少女们 (重制版).md","12414","17"
"289","兰斯03－ 利萨斯陷落 (重制版).md","12363","17"
"289","兰斯5D－ 孤独的少女.md","12251","17"
"289","兰斯IV － 4.1 － 4.2.md","12218","17"
"289","兰斯VI－ 赛斯崩坏.md","12200","17"
"290","兰斯10－ 决战.md","12098","17"
"290","兰斯7－ 战国兰斯.md","12173","17"
"290","兰斯8－ Rance Quest.md","12248","17"
"290","兰斯9－ 赫尔曼革命.md","12224","17"
"290","缘之空 (Yosuga no Sora).md","12252","17"
"291","妹之形.md","11951","17"
"291","妹的圣域.md","12002","17"
"291","学校圣域.md","12002","17"
"291","悠之空 (Haruka na Sora).md","12252","17"
"291","茜色圣域.md","12002","17"
"292","美少女万华镜1－ 被诅咒的传说少女.md","12477","17"
"292","美少女万华镜2.5－ 献给曾是少女的你.md","12531","17"
"292","美少女万华镜2－ 勿忘草与永远的少女.md","12528","17"
"292","美少女万华镜3－ 神明创造的少女们.md","12477","17"
"292","美少女万华镜4－ 罪与罚的少女.md","12479","17"
"293","妹天堂! 1.md","12014","17"
"293","妹天堂! 2.md","12014","17"
"293","妹天堂! 3.md","12014","17"
"293","姐姐，要好好做哦！ 1.md","12293","17"
"293","美少女万华镜5－ 理与迷宫的少女.md","12426","17"
"294","大哥哥，吻我！！.md","12206","17"
"294","姐姐，要好好做哦！ 2.md","12293","17"
"294","媚肉之香.md","12002","17"
"294","母娘乱馆.md","12002","17"
"294","遥仰凰华.md","12002","17"
"295","任性High Spec.md","12125","17"
"295","夕阳染红的坡道.md","12155","17"
"295","姐名 (Aneiro).md","12125","17"
"295","恋爱0公里.md","12029","17"
"295","辻堂山的纯爱之路.md","12206","17"
"296","School Days.md","12077","17"
"296","Shiny Days.md","12050","17"
"296","天津罪.md","11951","17"
"296","幸福噩梦 (Hapymaher).md","12204","17"
"296","重生萝莉岛 (Teaching Feeling).md","12426","17"
"297","Cross Days.md","12050","17"
"297","壳之少女.md","12002","17"
"297","天之少女.md","12002","17"
"297","恋狱月狂病 (Cartagra).md","12228","17"
"297","虚之少女.md","12002","17"
"298","FLOWERS 冬篇.md","12098","17"
"298","FLOWERS 夏篇.md","12098","17"
"298","FLOWERS 春篇.md","12098","17"
"298","FLOWERS 秋篇.md","12098","17"
"298","高加索之南 (Caucasus).md","12228","17"
"299","9-nine- 九次九日九重色.md","12353","17"
"299","9-nine- 天色天歌天籁音.md","12353","17"
"299","9-nine- 春色春恋春熙风.md","12353","17"
"299","9-nine- 雪色雪花雪余痕.md","12353","17"
"299","MakingLovers.md","12122","17"
"300","Fureraba ~Friend to Lover~.md","12342","17"
"300","HaremKingdom.md","12122","17"
"300","Sugar  Style.md","12086","17"
"300","少女理论及其周边.md","12206","17"
"300","近月少女的礼仪.md","12155","17"
