"B","Name"
"245","姫骑士诸神黄昏-信仰崩塌.md"
"245","姫骑士诸神黄昏-姐妹分离.md"
"245","姫骑士诸神黄昏-神器觉醒.md"
"245","姫骑士诸神黄昏-神殿仪式.md"
"245","姫骑士诸神黄昏-莉莉亚神化.md"
"246","假面骑士真.md"
"246","姫骑士诸神黄昏-弑神之战.md"
"246","姫骑士诸神黄昏-新神诞生.md"
"246","钢铁魔女虚空战争-安妮罗泽虚空化.md"
"246","钢铁魔女虚空战争-维度裂隙.md"
"247","钢铁魔女虚空战争-协会沦陷.md"
"247","钢铁魔女虚空战争-最后的魔女.md"
"247","钢铁魔女虚空战争-维度崩塌.md"
"247","钢铁魔女虚空战争-虚空之心.md"
"247","钢铁魔女虚空战争-魔女狩猎.md"
"248","Ben 10：全面进化（Time War）.md"
"248","史上最强弟子兼一：暗之最终战.md"
"248","极道帝兵（遮天概念向）.md"
"248","钢铁魔女虚空战争-新世界.md"
"248","龙符（梦入神机）.md"
"249","GTA 3.md"
"249","GTA：罪恶都市.md"
"251","巨乳女战士土下座催眠-全队土下座.md"
"251","巨乳女战士土下座催眠-神官堕落.md"
"252","姫骑士莉莉亚-主仆双堕.md"
"252","姫骑士莉莉亚-侍女沦陷.md"
"252","姫骑士莉莉亚-公主陷落.md"
"252","姫骑士莉莉亚-妹妹堕落.md"
"252","对魔忍雪风2-彻底陷落.md"
"253","姫骑士莉莉亚-完全堕落.md"
"253","姫骑士莉莉亚-王族血统.md"
"253","淫妖虫-产卵.md"
"253","淫妖虫-蝕变.md"
"253","淫妖虫-退魔失败.md"
"254","淫妖虫-姐弟共堕.md"
"254","淫妖虫-完全寄生.md"
"254","魔界骑士英格丽德-公开凌辱.md"
"254","魔界骑士英格丽德-妹妹威胁.md"
"254","魔界骑士英格丽德-骑士陷落.md"
"257","催眠性指導-学园催眠.md"
"257","史上最强弟子兼一：D of D 大赛.md"
"257","巨乳公主催眠-双堕王城.md"
"257","巨乳公主催眠-王宫阴谋.md"
"257","巨乳公主催眠-骑士陷落.md"
"258","催眠性指導-性指导课.md"
"258","催眠性指導-校园支配.md"
"258","催眠性指導-母女沦陷.md"
"258","性爱成瘾-依存沉沦.md"
"258","性爱成瘾-堕落处女.md"
"259","催眠性指導2-新任女教.md"
"259","催眠性指導2-泳装陷落.md"
"259","性爱成瘾-眼镜淫乱.md"
"259","黑暗圣经新约-新篇开启.md"
"259","黑暗圣经新约-绚香堕落.md"
"260","催眠性指導3-姐妹堕落.md"
"260","催眠性指導3-家庭教师.md"
"260","催眠性指導4-人妻崩坏.md"
"260","催眠性指導4-终极宴会.md"
"260","黑暗圣经起源-往昔悲剧.md"
"265","剑星-地下遗迹.md"
"265","受胎岛-逃脱失败.md"
"265","爱嬢学园-羞耻课程.md"
"265","爱嬢学园-贵族入学.md"
"266","命运石之门-D-Mail干涉.md"
"266","民俗-赶尸匠.md"
"266","爱嬢学园-毕业典礼.md"
"266","痴漢電車-早高峰.md"
"266","石世界-科学王国.md"
"267","民俗-冥婚夜.md"
"267","痴漢電車-人妻陷落.md"
"267","痴漢電車-女学生.md"
"267","痴漢電車-集团犯罪.md"
"267","黑暗圣经2.md"
"268","Ben 10：变异危机.md"
"268","凌辱学园-优等生.md"
"268","凌辱学园-新生入学.md"
"268","史上最强弟子兼一：黑暗且来.md"
"268","黑暗圣经3.md"
"269","Muv-Luv-横滨基地防线.md"
"269","凌辱学园-反抗无效.md"
"269","剑星-废土边缘.md"
"269","命运石之门-秋叶原潜入.md"
"269","闪乱神乐-飞蛇入学篇.md"
"272","Summer Pockets REFLECTION BLUE.md"
"272","Summer Pockets.md"
"272","星之梦 (Planetarian).md"
"273","ATRI -My Dear Moments-.md"
"273","One ~辉之季节~.md"
"273","交响乐之雨.md"
"273","水仙 (Narcissu).md"
"273","水月 (Suigetsu).md"
"278","寒蝉鸣泣之时－ 皆杀篇.md"
"278","寒蝉鸣泣之时－ 祭林篇.md"
"278","寒蝉鸣泣之时－ 罪灭篇.md"
"278","海猫鸣泣之时 (Ep1-4).md"
"278","海猫鸣泣之时散 (Ep5-8).md"
"279","Cross†Channel.md"
"279","樱之诗 (Sakura no Uta).md"
"279","沙耶之歌.md"
"279","美好的每一天 (Subahibi).md"
"279","装甲恶鬼村正.md"
"284","传颂之物－ 给逝者的摇篮曲.md"
"284","传颂之物－ 虚伪的假面.md"
"284","灰色的乐园.md"
"284","白色相簿2－ Closing Chapter (终章－Coda).md"
"284","白色相簿2－ Introductory Chapter (序章).md"
"285","Muv-Luv (Extra & Unlimited).md"
"285","Muv-Luv Alternative.md"
"285","To Heart 2.md"
"285","传颂之物－ 二人的白皇.md"
"285","痕 (Kizuato).md"
"286","初音岛II (D.C. II).md"
"286","初音岛III (D.C. III).md"
"286","千恋＊万花.md"
"286","魔女的夜宴 (Sanoba Witch).md"
"287","DRACU-RIOT!.md"
"287","Parquet.md"
"287","RIDDLE JOKER.md"
"287","名流得主 (Noble Works).md"
"287","天使嚣嚣 (Tenshi Souzou Re-Boot!).md"
"288","Fortune Arterial.md"
"288","兰斯01－ 寻找小光 (重制版).md"
"288","夜明前的琉璃色.md"
"288","大图书馆的牧羊人.md"
"288","秽翼的尤斯蒂娅.md"
"289","兰斯02－ 反叛的少女们 (重制版).md"
"289","兰斯03－ 利萨斯陷落 (重制版).md"
"289","兰斯5D－ 孤独的少女.md"
"289","兰斯IV － 4.1 － 4.2.md"
"289","兰斯VI－ 赛斯崩坏.md"
"290","兰斯10－ 决战.md"
"290","兰斯7－ 战国兰斯.md"
"290","兰斯8－ Rance Quest.md"
"290","兰斯9－ 赫尔曼革命.md"
"290","缘之空 (Yosuga no Sora).md"
"291","妹之形.md"
"291","妹的圣域.md"
"291","学校圣域.md"
"291","悠之空 (Haruka na Sora).md"
"291","茜色圣域.md"
"293","妹天堂! 1.md"
"293","妹天堂! 2.md"
"293","妹天堂! 3.md"
"293","姐姐，要好好做哦！ 1.md"
"298","高加索之南 (Caucasus).md"
"299","9-nine- 天色天歌天籁音.md"
"299","9-nine- 春色春恋春熙风.md"
"299","MakingLovers.md"
