"B","Name","Path","Lib"
"294","大哥哥，吻我！！.md","C:\Users\Administrator\Desktop\前端卡\files\世界详情工坊\产出\批次294\大哥哥，吻我！！.md","休闲"
"294","姐姐，要好好做哦！ 2.md","C:\Users\Administrator\Desktop\前端卡\files\世界详情工坊\产出\批次294\姐姐，要好好做哦！ 2.md","休闲"
"294","媚肉之香.md","C:\Users\Administrator\Desktop\前端卡\files\世界详情工坊\产出\批次294\媚肉之香.md","休闲"
"294","母娘乱馆.md","C:\Users\Administrator\Desktop\前端卡\files\世界详情工坊\产出\批次294\母娘乱馆.md","休闲"
"294","遥仰凰华.md","C:\Users\Administrator\Desktop\前端卡\files\世界详情工坊\产出\批次294\遥仰凰华.md","休闲"
"295","任性High Spec.md","C:\Users\Administrator\Desktop\前端卡\files\世界详情工坊\产出\批次295\任性High Spec.md","休闲"
"295","夕阳染红的坡道.md","C:\Users\Administrator\Desktop\前端卡\files\世界详情工坊\产出\批次295\夕阳染红的坡道.md","休闲"
"295","姐名 (Aneiro).md","C:\Users\Administrator\Desktop\前端卡\files\世界详情工坊\产出\批次295\姐名 (Aneiro).md","休闲"
"295","恋爱0公里.md","C:\Users\Administrator\Desktop\前端卡\files\世界详情工坊\产出\批次295\恋爱0公里.md","休闲"
"295","辻堂山的纯爱之路.md","C:\Users\Administrator\Desktop\前端卡\files\世界详情工坊\产出\批次295\辻堂山的纯爱之路.md","休闲"
"296","School Days.md","C:\Users\Administrator\Desktop\前端卡\files\世界详情工坊\产出\批次296\School Days.md","休闲"
"296","Shiny Days.md","C:\Users\Administrator\Desktop\前端卡\files\世界详情工坊\产出\批次296\Shiny Days.md","休闲"
"296","天津罪.md","C:\Users\Administrator\Desktop\前端卡\files\世界详情工坊\产出\批次296\天津罪.md","休闲"
"296","幸福噩梦 (Hapymaher).md","C:\Users\Administrator\Desktop\前端卡\files\世界详情工坊\产出\批次296\幸福噩梦 (Hapymaher).md","休闲"
"296","重生萝莉岛 (Teaching Feeling).md","C:\Users\Administrator\Desktop\前端卡\files\世界详情工坊\产出\批次296\重生萝莉岛 (Teaching Feeling).md","休闲"
"297","Cross Days.md","C:\Users\Administrator\Desktop\前端卡\files\世界详情工坊\产出\批次297\Cross Days.md","休闲"
"297","壳之少女.md","C:\Users\Administrator\Desktop\前端卡\files\世界详情工坊\产出\批次297\壳之少女.md","休闲"
"297","天之少女.md","C:\Users\Administrator\Desktop\前端卡\files\世界详情工坊\产出\批次297\天之少女.md","休闲"
"297","恋狱月狂病 (Cartagra).md","C:\Users\Administrator\Desktop\前端卡\files\世界详情工坊\产出\批次297\恋狱月狂病 (Cartagra).md","休闲"
"297","虚之少女.md","C:\Users\Administrator\Desktop\前端卡\files\世界详情工坊\产出\批次297\虚之少女.md","休闲"
"298","FLOWERS 冬篇.md","C:\Users\Administrator\Desktop\前端卡\files\世界详情工坊\产出\批次298\FLOWERS 冬篇.md","休闲"
"298","FLOWERS 夏篇.md","C:\Users\Administrator\Desktop\前端卡\files\世界详情工坊\产出\批次298\FLOWERS 夏篇.md","休闲"
"298","FLOWERS 春篇.md","C:\Users\Administrator\Desktop\前端卡\files\世界详情工坊\产出\批次298\FLOWERS 春篇.md","休闲"
"298","FLOWERS 秋篇.md","C:\Users\Administrator\Desktop\前端卡\files\世界详情工坊\产出\批次298\FLOWERS 秋篇.md","休闲"
"298","高加索之南 (Caucasus).md","C:\Users\Administrator\Desktop\前端卡\files\世界详情工坊\产出\批次298\高加索之南 (Caucasus).md","休闲"
"299","9-nine- 九次九日九重色.md","C:\Users\Administrator\Desktop\前端卡\files\世界详情工坊\产出\批次299\9-nine- 九次九日九重色.md","休闲"
"299","9-nine- 天色天歌天籁音.md","C:\Users\Administrator\Desktop\前端卡\files\世界详情工坊\产出\批次299\9-nine- 天色天歌天籁音.md","休闲"
"299","9-nine- 春色春恋春熙风.md","C:\Users\Administrator\Desktop\前端卡\files\世界详情工坊\产出\批次299\9-nine- 春色春恋春熙风.md","休闲"
"299","9-nine- 雪色雪花雪余痕.md","C:\Users\Administrator\Desktop\前端卡\files\世界详情工坊\产出\批次299\9-nine- 雪色雪花雪余痕.md","休闲"
"299","MakingLovers.md","C:\Users\Administrator\Desktop\前端卡\files\世界详情工坊\产出\批次299\MakingLovers.md","休闲"
"300","Fureraba ~Friend to Lover~.md","C:\Users\Administrator\Desktop\前端卡\files\世界详情工坊\产出\批次300\Fureraba ~Friend to Lover~.md","休闲"
"300","HaremKingdom.md","C:\Users\Administrator\Desktop\前端卡\files\世界详情工坊\产出\批次300\HaremKingdom.md","休闲"
"300","Sugar  Style.md","C:\Users\Administrator\Desktop\前端卡\files\世界详情工坊\产出\批次300\Sugar  Style.md","休闲"
"300","少女理论及其周边.md","C:\Users\Administrator\Desktop\前端卡\files\世界详情工坊\产出\批次300\少女理论及其周边.md","休闲"
"300","近月少女的礼仪.md","C:\Users\Administrator\Desktop\前端卡\files\世界详情工坊\产出\批次300\近月少女的礼仪.md","休闲"
